KD (nM),mutation,num_mutations,ddG,pdb_fname,chain_a,chain_b
0.56,"SH105A,DH110Y",2,-0.7237822258651097,1n8z.pdb,HL,A
0.87,"SH105T,GH108Y,GH109Y,DH110F,GH111I,FH112Y,AH114Y,YH117V",8,-0.4627736961914781,1n8z.pdb,HL,A
0.94,"SH105T,WH107Y,GH108F,GH109F,DH110N,FH112W,AH114Y,MH115F,YH117V",9,-0.4169258138169134,1n8z.pdb,HL,A
0.98,"SH105A,WH107Y,GH108Y,DH110Y,FH112G,AH114W,MH115F,DH116A",8,-0.3922367421662862,1n8z.pdb,HL,A
1.07,"DH110W,AH114S",2,-0.3401831076329564,1n8z.pdb,HL,A
2.02,"GH108H,DH110Y",2,0.0362839072657568,1n8z.pdb,HL,A
2.4,"SH105T,GH108L,GH109E,DH110G,GH111L,FH112S,AH114F",7,0.138405582015384,1n8z.pdb,HL,A
2.54,"SH105T,WH107Y,DH110R,FH112A,AH114Y,MH115F,YH117V",7,0.1719948508458042,1n8z.pdb,HL,A
2.64,"SH105A,GH108P,GH109F,DH110Y,FH112P,AH114N,MH115Y",7,0.1948722871117976,1n8z.pdb,HL,A
2.64,"SH105A,GH108I,GH109D,DH110G,GH111Y,FH112S,AH114F",7,0.1948722871117976,1n8z.pdb,HL,A
2.99,"SH105T,WH107Y,GH108Y,GH109Y,DH110G,FH112P,AH114Y,MH115F",8,0.2686292829736842,1n8z.pdb,HL,A
3.0,"SH105A,WH107Y,GH109L,DH110G,GH111D,FH112W,AH114Y,MH115F,DH116A",9,0.2706074216519738,1n8z.pdb,HL,A
3.39,"SH105A,WH107Y,GH108E,GH109A,DH110Y,FH112L,AH114P,MH115F,DH116G",9,0.3430155006083932,1n8z.pdb,HL,A
3.42,"SH105A,GH108L,DH110E,FH112Y,AH114N,MH115F",6,0.3482353756416518,1n8z.pdb,HL,A
3.5,DH110R,1,0.3619342977116773,1n8z.pdb,HL,A
3.99,"SH105A,RH106N,WH107D,GH108I,GH109Y,DH110I,GH111Q,FH112G,AH114D,MH115L,DH116N,YH117R",12,0.4395622517013517,1n8z.pdb,HL,A
4.09,"SH105A,GH108T,GH109A,DH110G,GH111Y,FH112T,AH114Y",7,0.4542276535676812,1n8z.pdb,HL,A
4.56,"SH105T,GH109Y,DH110Y,FH112Y",4,0.5186731901543311,1n8z.pdb,HL,A
4.67,"SH105A,GH108W,GH109Y,DH110Y,FH112Y,AH114Y,MH115F,YH117V",8,0.53279514114897,1n8z.pdb,HL,A
4.83,"SH105A,GH108P,DH110Y,FH112S,AH114Y,YH117V",6,0.5527533057267906,1n8z.pdb,HL,A
5.05,"DH110P,FH112L",2,0.5791421690541512,1n8z.pdb,HL,A
5.08,"SH105A,GH108R",2,0.5826512729976088,1n8z.pdb,HL,A
5.35,"SH105V,WH107Y,GH108Y,FH112G,AH114Y,MH115F",6,0.6133315763072389,1n8z.pdb,HL,A
5.66,"SH105A,GH108Y,GH109Y,DH110Y,FH112Y,AH114Y,MH115F,YH117V",8,0.6467028154793848,1n8z.pdb,HL,A
6.29,"SH105A,GH108Y,GH109Y,DH110L,FH112Y,AH114Y,MH115F",7,0.70922852623921,1n8z.pdb,HL,A
6.44,"SH105A,GH108W,GH109Y,DH110G,FH112Y,AH114Y,MH115F",7,0.7231911202394699,1n8z.pdb,HL,A
6.5,"SH105A,GH108L,GH109Y,DH110Y,FH112Y,AH114Y,MH115F",7,0.7286853047494919,1n8z.pdb,HL,A
6.69,"SH105A,GH108W,GH109Y,DH110G,FH112Y,AH114Y",6,0.7457548519336061,1n8z.pdb,HL,A
6.76,"SH105V,WH107Y,DH110W,YH113W,AH114Y,MH115F",6,0.7519216940611511,1n8z.pdb,HL,A
6.82,"SH105T,WH107Y,GH108Y,GH109Y,DH110Y,FH112S,AH114H,MH115F",8,0.757156944478405,1n8z.pdb,HL,A
6.93,"SH105A,GH109Y,DH110S,FH112W,AH114V",5,0.7666363784497428,1n8z.pdb,HL,A
7.03,"SH105A,GH108E,DH110I,FH112G,AH114Y,MH115F,DH116V",7,0.7751243744038518,1n8z.pdb,HL,A
7.04,"SH105A,GH108Y,GH109Y,DH110G,GH111Y,FH112Y,AH114Y,MH115F,YH117V",9,0.7759665237762814,1n8z.pdb,HL,A
7.11,"SH105A,WH107Y,GH108F,GH109Y,GH111Y,FH112Y,AH114Y,MH115F,YH117F",9,0.7818282873347258,1n8z.pdb,HL,A
7.31,"SH105A,WH107Y,GH109D,DH110G,GH111Y,FH112Y,AH114Y,MH115F,DH116A",9,0.7982635155577533,1n8z.pdb,HL,A
7.31,"SH105A,WH107Y,DH110S,GH111Y,AH114Y,MH115Y,DH116S",7,0.7982635155577533,1n8z.pdb,HL,A
7.43,"SH105A,GH108Y,DH110Y,FH112G,AH114Y,MH115F",6,0.8079101653225713,1n8z.pdb,HL,A
7.54,"SH105T,WH107N,GH108Y,GH109Y,GH111Y,FH112Y,AH114Y,MH115F",8,0.8166170312096455,1n8z.pdb,HL,A
7.69,"SH105A,GH108K,DH110Y,FH112H,AH114Y",5,0.8282875067440028,1n8z.pdb,HL,A
7.78,"SH105A,GH108Y,GH109Y,DH110G,GH111H,FH112Y,AH114Y",7,0.8351810141918765,1n8z.pdb,HL,A
7.95,"SH105A,GH109Y,GH111Y,FH112Y,AH114M,YH117V",6,0.8479872136492244,1n8z.pdb,HL,A
8.05,"SH105A,WH107Y,GH108Y,DH110Y,FH112G,AH114Y,MH115F",7,0.8553929598760597,1n8z.pdb,HL,A
8.08,"SH105A,DH110P,FH112Y,MH115F,DH116V,YH117W",6,0.8575967515693623,1n8z.pdb,HL,A
8.11,"SH105A,GH108R,GH109Q,FH112A,AH114Y,MH115L",6,0.8597923760109758,1n8z.pdb,HL,A
8.19,"SH105A,WH107Y,GH108Y,DH110Y,FH112G,AH114W,MH115Y,YH117T",8,0.8656079023015746,1n8z.pdb,HL,A
8.2,"SH105A,GH108V,GH109Y,DH110G,GH111Y,FH112Y,AH114Y,MH115F",8,0.866330845629534,1n8z.pdb,HL,A
8.29,"SH105A,GH108Y,GH109Y,DH110Y,FH112G,AH114Y,MH115F",7,0.872797941807633,1n8z.pdb,HL,A
8.41,"SH105A,WH107N,GH108Y,GH109Y,GH111L,FH112Y,AH114Y,MH115F",8,0.8813123683581381,1n8z.pdb,HL,A
8.44,"SH105A,WH107Y,GH108Y,GH109Y,GH111Y,FH112Y,AH114Y,MH115F",8,0.8834219918943376,1n8z.pdb,HL,A
8.45,"SH105A,GH109Y,DH110G,FH112A,AH114Y",5,0.8841235336977409,1n8z.pdb,HL,A
8.52,"SH105A,GH108Y,GH109Y,DH110Y,FH112Y,AH114Y,YH117V",7,0.8890112030057296,1n8z.pdb,HL,A
8.57,"SH105T,RH106S,WH107I,GH108F,GH109S,DH110G,FH112Y,AH114G,MH115L,YH117S",10,0.8924778716666424,1n8z.pdb,HL,A
8.68,"SH105A,GH108Y,GH109Y,DH110Y,FH112A,AH114Y,MH115F",7,0.9000338834442232,1n8z.pdb,HL,A
8.73,"SH105T,WH107Y,GH109S,DH110F,GH111H,FH112Y,AH114Y,MH115F,YH117V",9,0.903436833545202,1n8z.pdb,HL,A
8.78,"SH105A,DH110Y,FH112Y,AH114Y,YH117V",5,0.906820349216412,1n8z.pdb,HL,A
8.92,"SH105T,WH107F,GH108I,GH109D,DH110N,FH112P,AH114Y,MH115F",8,0.9161926664462872,1n8z.pdb,HL,A
9.08,"SH105A,WH107Y,GH108L,GH109S,DH110A,GH111V,FH112Y,AH114Y,YH117H",9,0.9267254235691488,1n8z.pdb,HL,A
9.14,"SH105T,WH107Y,GH108A,GH109S,DH110G,GH111Y,MH115F",7,0.9306274265901688,1n8z.pdb,HL,A
9.2,"SH105T,RH106L,GH109L,DH110P,GH111M,FH112M,AH114V,MH115Y,DH116F,YH117F",10,0.934503898329039,1n8z.pdb,HL,A
9.22,"SH105A,GH108L,GH109Y,DH110Y,FH112L,AH114Y,MH115F,YH117V",8,0.935790439515932,1n8z.pdb,HL,A
9.24,"SH105A,GH109E,DH110F,FH112P,AH114Y,MH115F",6,0.9370741929624238,1n8z.pdb,HL,A
9.28,"SH105A,GH108T,GH109E,DH110R,AH114S,MH115F,YH117I",7,0.9396333847766094,1n8z.pdb,HL,A
9.56,"SH105A,GH109Y,DH110Y,FH112Y,AH114Y,MH115F,YH117V",7,0.9572447192439668,1n8z.pdb,HL,A
9.91,"SH105A,WH107Y,GH108Y,DH110Y,FH112G,AH114Y",6,0.9785472908493276,1n8z.pdb,HL,A
10.12,"SH105A,RH106K,WH107F,GH108A,GH109Y,DH110Y,FH112P,AH114H,MH115F,YH117P",10,0.9909706034254544,1n8z.pdb,HL,A
10.16,"SH105A,GH108Y,DH110Y,FH112Y,AH114F,YH117V",6,0.9933076951494098,1n8z.pdb,HL,A
10.5,"SH105A,DH110G,FH112Y,AH114F",4,1.0128093275025982,1n8z.pdb,HL,A
10.69,"SH105A,GH108Y,DH110F,FH112G,AH114Y,MH115F",6,1.0234340461197142,1n8z.pdb,HL,A
10.9,"SH105A,GH108L,DH110S,FH112Y,AH114W,MH115F",6,1.0349596450458591,1n8z.pdb,HL,A
11.0,"SH105A,GH108Y,GH109Y,DH110Y,FH112R,AH114Y,MH115F",7,1.040370203049461,1n8z.pdb,HL,A
11.3,"SH105T,RH106P,WH107Y,GH108D,GH109V,DH110L,FH112S,AH114Y,MH115F,DH116R,YH117V",11,1.0563115769094669,1n8z.pdb,HL,A
11.31,"SH105T,DH110Y,FH112Y",3,1.0568356388487654,1n8z.pdb,HL,A
11.75,"WH107Y,GH108Y,GH109A,DH110G,FH112W,AH114Y,MH115F",7,1.0794471319116743,1n8z.pdb,HL,A
11.84,"SH105A,GH108Y,DH110G,FH112Y,AH114Y",5,1.0839677709319169,1n8z.pdb,HL,A
12.0,"SH105T,WH107Y,DH110Y,FH112Y,AH114Y",5,1.0919202659555776,1n8z.pdb,HL,A
12.07,"SH105T,WH107Y,GH108R,DH110P,GH111Y,FH112Y,AH114Y,MH115F,YH117P",9,1.0953661949775064,1n8z.pdb,HL,A
12.1,"SH105V,GH109V,DH110G,GH111A,FH112Y,AH114N,MH115F",7,1.0968369081458746,1n8z.pdb,HL,A
12.21,"SH105T,WH107Y,GH108D,GH109Y,GH111Y,FH112Y,AH114Y,MH115F",8,1.1021985011522393,1n8z.pdb,HL,A
12.49,"SH105A,GH108Y,GH109Y,DH110Y,FH112G,AH114Y,MH115F,YH117V",8,1.115631186316833,1n8z.pdb,HL,A
12.77,"SH105A,GH108R,GH109Y,DH110G,GH111Y,FH112Y,AH114Y",7,1.1287660517297835,1n8z.pdb,HL,A
12.84,"SH105T,GH108A,GH109F,FH112V,AH114Y",5,1.1320047664615736,1n8z.pdb,HL,A
12.94,"SH105T,WH107Y,GH108Y,GH109Y,DH110G,GH111L,FH112Y,AH114Y,YH117V",9,1.13660100350741,1n8z.pdb,HL,A
13.1,"SH105A,GH108R,FH112G,AH114Y,MH115F",5,1.143881611060614,1n8z.pdb,HL,A
13.16,"SH105V,WH107Y,GH109F,FH112S,AH114Y,MH115F,YH117P",7,1.1465889363373163,1n8z.pdb,HL,A
13.21,"SH105A,WH107Y,GH108V,DH110L,FH112G,AH114P,MH115L,DH116G",8,1.1488356283878964,1n8z.pdb,HL,A
13.33,"SH105A,GH108Y,GH109Y,DH110Y,FH112Y,YH117V",6,1.154193180952582,1n8z.pdb,HL,A
13.4,"SH105A,GH109Y,DH110Y,FH112N,AH114Y,MH115F",6,1.1572961913279671,1n8z.pdb,HL,A
13.48,"SH105V,DH110Y,FH112Y",3,1.1608227016435195,1n8z.pdb,HL,A
13.6,"SH105A,GH108R,DH110Y,FH112S,YH117V",5,1.1660734182907664,1n8z.pdb,HL,A
13.7,"SH105A,GH108W,GH109Y,DH110G,FH112Y,AH114F,MH115F",7,1.1704137452763277,1n8z.pdb,HL,A
13.9,"SH105A,WH107Y,GH109S,DH110S,GH111Y,FH112Y,AH114Y,MH115F",8,1.1790001562032035,1n8z.pdb,HL,A
13.92,"SH105A,WH107H,GH108F,DH110V,GH111A,FH112S,AH114S,MH115F",8,1.1798519924157311,1n8z.pdb,HL,A
14.0,"SH105A,WH107Y,DH110Y,FH112G,AH114Y,MH115F",6,1.183247142015281,1n8z.pdb,HL,A
14.12,"SH105A,RH106K,WH107Y,GH109A,DH110T,FH112W,AH114Y,MH115F",8,1.1883036619027791,1n8z.pdb,HL,A
14.3,"SH105A,WH107Y,GH109Y,DH110Y,FH112P,AH114Y,MH115F",7,1.19580843199771,1n8z.pdb,HL,A
14.34,"SH105T,WH107Y,GH109Y,DH110G,FH112P,AH114W,MH115F",7,1.1974633268830883,1n8z.pdb,HL,A
14.5,"SH105A,WH107Y,GH108R,DH110V,GH111W,FH112Y,AH114D,MH115F,YH117N",9,1.204037064049789,1n8z.pdb,HL,A
14.7,"SH105A,WH107Y,GH108L,GH109Q,DH110L,FH112P,AH114Y,MH115F",8,1.2121529715648336,1n8z.pdb,HL,A
14.9,"SH105A,GH108Y,GH109Y,DH110G,GH111Y,FH112Y,AH114W,MH115F,YH117V",9,1.2201592012929652,1n8z.pdb,HL,A
14.9,"SH105A,GH108W,DH110G,FH112A,AH114Y,MH115F",6,1.2201592012929652,1n8z.pdb,HL,A
14.9,"SH105A,RH106K,WH107Y,GH108L,DH110Q,GH111E,FH112A,MH115Y,DH116F,YH117S",10,1.2201592012929652,1n8z.pdb,HL,A
15.4,"SH105A,GH108D,GH109S,DH110G,FH112P,AH114Y,MH115F,YH117S",8,1.2397138471116946,1n8z.pdb,HL,A
15.7,"SH105A,WH107Y,GH109S,DH110R,GH111Y,FH112Y,AH114Y,MH115F",8,1.2511441434631898,1n8z.pdb,HL,A
15.7,"SH105A,WH107Y,GH109S,DH110G,GH111Y,FH112Y,AH114Y,MH115F",8,1.2511441434631898,1n8z.pdb,HL,A
15.74,"SH105A,GH108L,GH109A,DH110G,GH111Y,FH112N,AH114Y,MH115F,YH117V",9,1.2526516556856002,1n8z.pdb,HL,A
15.76,"SH105A,WH107Y,GH108T,GH109Y,DH110F,FH112S,YH113F,AH114D,MH115F",9,1.2534039757660531,1n8z.pdb,HL,A
15.85,"SH105A,GH108L,GH109R,DH110A,GH111L,FH112G,AH114Y",7,1.2567776437584772,1n8z.pdb,HL,A
16.01,"SH105V,GH108Y,DH110Y,FH112Y,AH114Y",5,1.2627282472930157,1n8z.pdb,HL,A
16.17,"SH105A,GH108Y,GH109Y,DH110G,GH111Y,FH112A,AH114Y",7,1.2686196766612454,1n8z.pdb,HL,A
16.48,"SH105A,WH107Y,GH108W,DH110L,FH112G,AH114Y,MH115F,YH117H",8,1.279870251493465,1n8z.pdb,HL,A
16.5,"SH105V,WH107Y,GH109F,DH110Y,FH112Y,AH114Y,MH115F",7,1.280588810688581,1n8z.pdb,HL,A
16.77,"SH105A,GH108L,GH109A,DH110F,FH112Y",5,1.2902050143226145,1n8z.pdb,HL,A
16.95,"SH105A,RH106K,WH107Y,GH108I,GH109N,DH110A,GH111Y,FH112S,MH115F,DH116F,YH117D",11,1.2965301845485868,1n8z.pdb,HL,A
17.41,"SH105A,WH107Y,GH108S,DH110Y,FH112L,AH114P,MH115Y,DH116A",8,1.3123942238937722,1n8z.pdb,HL,A
17.47,"SH105A,RH106K,WH107Y,GH108A,GH109Y,DH110Y,FH112D,YH113F,AH114W,MH115G,DH116S,YH117V",12,1.314432478141855,1n8z.pdb,HL,A
18.46,"SH105T,WH107Y,GH108E,GH109Y,DH110Q,GH111D,FH112Y,AH114H,MH115F",9,1.3470890861032476,1n8z.pdb,HL,A
18.6,"TH59S,SH105A,WH107Y,DH110S,GH111Y,FH112A,AH114Y,MH115F,DH116Y",9,1.351565269172914,1n8z.pdb,HL,A
18.64,"SH105A,GH108Y,DH110Q,GH111V",4,1.3528379914319668,1n8z.pdb,HL,A
19.0,"SH105A,WH107Y,GH108Y,DH110V,FH112P,AH114S,YH117V",7,1.3641711060919943,1n8z.pdb,HL,A
19.1,"SH105A,GH109Y,DH110G,FH112Y,AH114Y,MH115F",6,1.3672810974001397,1n8z.pdb,HL,A
19.29,"SH105A,RH106S,WH107Y,GH109L,FH112Y,AH114Y,MH115F,YH117V",8,1.3731454785416997,1n8z.pdb,HL,A
19.38,"SH105A,GH108N,GH109Y,DH110Y,FH112Y,AH114Y,MH115F",7,1.375903211917031,1n8z.pdb,HL,A
19.4,"SH105A,GH109Y,GH111Y,FH112Y",4,1.3765143022071555,1n8z.pdb,HL,A
19.42,"SH105A,WH107Y,GH108Y,GH109S,DH110Y,FH112Q,MH115F,YH117P",8,1.377124762831745,1n8z.pdb,HL,A
19.6,"SH105A,WH107Y,DH110G,FH112R,AH114Y,MH115F",6,1.3825907860775128,1n8z.pdb,HL,A
19.66,"SH105A,WH107Y,GH108W,GH109Y,DH110G,FH112Y,AH114Y,MH115F",8,1.3844016442894187,1n8z.pdb,HL,A
19.75,"SH105T,GH108L,GH109Y,DH110Y,GH111S,FH112A,AH114Y,MH115F,YH117F",9,1.3871075956332677,1n8z.pdb,HL,A
19.8,"SH105A,WH107Y,GH108A,GH109H,DH110Y,FH112P,AH114Y,MH115F,YH117F",9,1.388605578691113,1n8z.pdb,HL,A
19.87,"SH105V,WH107Y,GH109S,GH111V,FH112Y,AH114Y,MH115F,YH117I",8,1.3906964121625194,1n8z.pdb,HL,A
20.01,"SH105A,GH108L,GH109T,DH110G,GH111L,FH112S,AH114N,MH115W",8,1.3948560720649024,1n8z.pdb,HL,A
20.1,"SH105A,GH108Y,GH109Y,DH110G,FH112Y",5,1.397514798967089,1n8z.pdb,HL,A
20.18,"SH105A,WH107Y,GH108Y,DH110Y,FH112Y,AH114Y,MH115F,DH116H",8,1.399868136654245,1n8z.pdb,HL,A
20.5,"SH105A,GH109S,DH110I,FH112Y,MH115F,YH117H",6,1.4091891074179266,1n8z.pdb,HL,A
20.59,"SH105A,DH110Y,FH112G,AH114Y,MH115F",5,1.4117844232517438,1n8z.pdb,HL,A
21.0,"SH105A,WH107Y,GH109N,DH110Y,GH111Y,FH112Y,AH114Y,MH115F",8,1.4234657496544028,1n8z.pdb,HL,A
21.1,"SH105A,GH109Y,DH110G,GH111Y,FH112S,AH114Y,MH115F,YH117V",8,1.42628025368273,1n8z.pdb,HL,A
21.5,"SH105A,WH107Y,GH108T,GH109S,DH110V,FH112I,MH115F,DH116N",8,1.437406439523638,1n8z.pdb,HL,A
21.88,"SH105A,GH108P,GH109Y,DH110G,GH111Y,FH112Y,AH114Y",7,1.4477862234108088,1n8z.pdb,HL,A
21.93,"SH105T,GH108N,GH109Y,FH112A,AH114F,MH115F",6,1.4491385453486745,1n8z.pdb,HL,A
21.96,"SH105A,WH107Y,GH108R,DH110R,AH114S,MH115F",6,1.4499484593281888,1n8z.pdb,HL,A
22.0,"SH105A,GH108Y,GH109W,DH110Y,FH112A,AH114Y,MH115F",7,1.4510266252012638,1n8z.pdb,HL,A
22.15,"SH105A,GH109Y,DH110Y,FH112Y,AH114W,MH115F",6,1.4550523619849596,1n8z.pdb,HL,A
22.6,"SH105A,WH107H,GH108Y,GH109Y,DH110Y,FH112Y,AH114Y,MH115F,YH117V",9,1.4669679990612696,1n8z.pdb,HL,A
22.6,"SH105A,RH106T,WH107Y,GH108S,GH109T,DH110Y,GH111Y,FH112N,MH115F,DH116G,YH117I",11,1.4669679990612696,1n8z.pdb,HL,A
22.7,"SH105T,WH107Y,GH108L,GH109H,GH111Y,FH112Y,AH114Y,MH115F",8,1.4695836853575417,1n8z.pdb,HL,A
22.93,"SH105V,WH107Y,GH108F,GH109Y,FH112N,AH114Y,MH115F,YH117L",8,1.4755562959340305,1n8z.pdb,HL,A
22.96,"SH105A,WH107F,GH108D,DH110P,GH111F,FH112Y,MH115F,DH116A",8,1.4763309118435703,1n8z.pdb,HL,A
23.07,"SH105A,WH107Y,GH108R,DH110Y,GH111V,FH112L,AH114D,MH115F,DH116A",9,1.4791625365349272,1n8z.pdb,HL,A
23.14,"SH105A,WH107E,GH108N,GH109D,DH110G,GH111S,FH112P,YH113G,AH114S,MH115F,DH116E",11,1.4809574584385814,1n8z.pdb,HL,A
23.3,"SH105A,RH106V,WH107T,GH108D,GH109L,FH112L,YH113H,AH114S,MH115Y,DH116R",10,1.4850398310685566,1n8z.pdb,HL,A
23.87,"SH105T,WH107Y,GH108Y,GH109Y,DH110G,GH111S,FH112G,AH114F,MH115F",9,1.4993588503290294,1n8z.pdb,HL,A
23.93,"SH105A,GH108Y,DH110Y,FH112Y,YH117V",5,1.500846178266027,1n8z.pdb,HL,A
23.98,"SH105A,GH109Y,DH110G,FH112Y,AH114Y,MH115F,YH117V",7,1.5020827722940735,1n8z.pdb,HL,A
24.24,"SH105A,WH107Y,GH108D,GH109P,DH110Y,AH114H,MH115L",7,1.5084717813602868,1n8z.pdb,HL,A
25.08,"SH105V,WH107Y,GH109Y,DH110G,GH111D,FH112Y,AH114Y,MH115F",8,1.52865457919094,1n8z.pdb,HL,A
25.17,"SH105T,GH109Y,GH111Y,FH112W,AH114F,MH115F",6,1.5307767975213746,1n8z.pdb,HL,A
25.2,"SH105A,RH106K,WH107Y,DH110V,FH112Y",5,1.5314825176569329,1n8z.pdb,HL,A
25.5,"SH105A,WH107Y,GH108S,GH109A,DH110Y,FH112L,AH114D,MH115F,DH116A",9,1.5384938655664762,1n8z.pdb,HL,A
25.71,"SH105A,GH108W,DH110G,FH112Y,AH114Y,MH115F",6,1.543352901457563,1n8z.pdb,HL,A
25.9,"SH105A,WH107Y,GH108L,GH109T,DH110A,GH111Y,FH112Q,AH114F,MH115F,DH116Y",10,1.54771509426733,1n8z.pdb,HL,A
26.06,"SH105A,FH112S,AH114Y,MH115F",4,1.551363770826585,1n8z.pdb,HL,A
26.24,"SH105A,WH107Y,DH110R,FH112Y,AH114S,MH115F",6,1.5554418502965497,1n8z.pdb,HL,A
26.3,"SH105A,DH110G,FH112Y,AH114F,MH115F",5,1.5567949958800131,1n8z.pdb,HL,A
26.7,"SH105A,GH109Y,GH111Y,FH112Y,AH114Y,MH115F,YH117V",7,1.5657378371294524,1n8z.pdb,HL,A
27.0,"SH105A,RH106A,WH107T,GH108Y,DH110G,GH111L,FH112G,YH113D,AH114M,MH115S,DH116S,YH117I",12,1.572357481233821,1n8z.pdb,HL,A
27.0,"SH105A,WH107Y,GH109V,DH110Y,GH111P,AH114Y,MH115F",7,1.572357481233821,1n8z.pdb,HL,A
27.1,"RH106I,GH108E,GH109R,DH110T,FH112Q,AH114S,MH115Y,DH116T,YH117S",9,1.5745476943890555,1n8z.pdb,HL,A
27.9,"SH105A,GH108E,GH109R,DH110Y,FH112Y,AH114V,MH115L,YH117V",8,1.5917838768120358,1n8z.pdb,HL,A
27.9,"SH105A,GH109Y,DH110G,FH112Y,AH114F,MH115F",6,1.5917838768120358,1n8z.pdb,HL,A
27.97,"SH105A,WH107Y,GH109A,DH110Y,GH111S,FH112S,AH114Y,MH115F,DH116G",9,1.5932684538860578,1n8z.pdb,HL,A
28.3,"SH105A,GH109Y,DH110G,GH111W,FH112S,AH114Y,MH115F",7,1.60021749941958,1n8z.pdb,HL,A
29.2,"SH105A,GH108R,GH109D,DH110G,FH112Y,AH114Y,MH115F",7,1.6187653371696855,1n8z.pdb,HL,A
29.24,"SH105T,WH107Y,GH108Y,FH112Y,AH114D,MH115F",6,1.619576359861357,1n8z.pdb,HL,A
29.72,"SH105A,WH107Y,GH108F,GH109Y,GH111H,FH112Y,AH114Y,MH115F,YH117V",9,1.629223009626175,1n8z.pdb,HL,A
30.0,"SH105A,WH107Y,GH108Y,GH109Y,GH111Y,FH112G,AH114Y,MH115F,YH117V",9,1.634778527743972,1n8z.pdb,HL,A
30.9,"SH105A,GH109S,DH110Y,FH112Y,AH114Y,MH115F",6,1.6522906987691783,1n8z.pdb,HL,A
30.9,"SH105A,WH107Y,GH108Y,GH109Y,DH110G,GH111V,FH112Y,AH114Y,MH115F",9,1.6522906987691783,1n8z.pdb,HL,A
30.94,"SH105A,WH107H,GH108Y,GH109D,DH110Y,FH112R,AH114Y,YH117V",8,1.653057130937837,1n8z.pdb,HL,A
31.0,"SH105A,DH110F,FH112Y,AH114Y,MH115F",5,1.654204923322185,1n8z.pdb,HL,A
31.2,"DH110V,FH112K",2,1.6580149170556275,1n8z.pdb,HL,A
31.4,"SH105A,WH107Y,DH110G,GH111Y,FH112Y,AH114Y,MH115F,YH117V",8,1.6618005656149926,1n8z.pdb,HL,A
32.0,"SH105A,GH108Y,GH109Y,DH110G,GH111S,FH112Y,AH114Y,MH115F,YH117V",9,1.6730145026200614,1n8z.pdb,HL,A
32.49,"SH105A,DH110Y,FH112Y,AH114Y,MH115F,YH117V",6,1.6820176677207943,1n8z.pdb,HL,A
32.81,"SH105A,GH108Y,GH109Y,DH110G,FH112A,AH114Y,MH115F,YH117F",8,1.6878242880091443,1n8z.pdb,HL,A
32.84,"SH105A,GH109S,DH110E,GH111A,AH114W,MH115F",6,1.6883657521599336,1n8z.pdb,HL,A
33.0,"SH105A,RH106P,GH108W,GH109S,DH110G,GH111W,FH112Y,AH114F,MH115F,YH117T",10,1.6912452328403855,1n8z.pdb,HL,A
33.31,"SH105A,WH107Y,GH108P,GH109N,DH110Y,AH114M,MH115F",7,1.6967847126469895,1n8z.pdb,HL,A
33.8,"SH105A,GH108V,GH109S,DH110G,GH111A,FH112R,AH114Y,YH117V",8,1.7054363780013464,1n8z.pdb,HL,A
35.04,"SH105A,WH107F,DH110A,FH112G,AH114Y,MH115F",6,1.726782105172216,1n8z.pdb,HL,A
35.47,"SH105T,WH107Y,GH108R,DH110A,GH111H,FH112G,AH114Y,MH115F",8,1.73400824362788,1n8z.pdb,HL,A
35.77,"SH105A,GH108Y,GH109Y,DH110G,FH112S,AH114Y,MH115F",7,1.7389980427789382,1n8z.pdb,HL,A
35.82,"SH105A,WH107Y,GH109D,DH110A,GH111D,MH115F,YH117P",7,1.7398256053995258,1n8z.pdb,HL,A
36.04,"SH105A,WH107Y,GH108I,GH109F,DH110G,FH112P,AH114Y,MH115F",8,1.7434532102880151,1n8z.pdb,HL,A
36.13,"GH108E,FH112K",2,1.7449308521385856,1n8z.pdb,HL,A
36.22,"SH105A,WH107Y,GH109D,DH110Y,FH112Y,AH114Y,MH115F",7,1.746404817751312,1n8z.pdb,HL,A
36.28,"SH105V,WH107Y,GH108P,GH109E,DH110V,GH111Y,FH112G,AH114Y,MH115F",9,1.747385428155182,1n8z.pdb,HL,A
36.72,"SH105A,RH106N,WH107V,GH109S,DH110S,GH111L,FH112G,YH113I,MH115A,DH116L,YH117D",11,1.7545274015715382,1n8z.pdb,HL,A
36.76,"RH106Y,WH107P,GH108D,GH109F,DH110G,GH111Y,FH112Y,YH113V,AH114Y,MH115F,DH116A",11,1.755172422847826,1n8z.pdb,HL,A
37.82,"SH105A,RH106K,WH107Y,GH108T,GH109R,DH110G,GH111F,FH112S,AH114G,MH115F,DH116G",11,1.7720145090556727,1n8z.pdb,HL,A
37.83,"SH105A,DH110S,FH112Y",3,1.7721711387945227,1n8z.pdb,HL,A
37.95,"SH105A,GH109Y,DH110G,GH111Y,FH112Y,AH114S,MH115F",7,1.774047472852967,1n8z.pdb,HL,A
38.2,"SH105A,WH107Y,GH109R,DH110N,FH112S,AH114S,MH115Y",7,1.777937519551941,1n8z.pdb,HL,A
38.28,"SH105A,RH106K,WH107F,GH108E,GH109R,DH110G,GH111Y,FH112Y,YH113S,AH114F,MH115D,DH116F,YH117G",13,1.7791769593005355,1n8z.pdb,HL,A
38.66,"SH105A,GH108E,FH112S,AH114S",4,1.785029145013743,1n8z.pdb,HL,A
38.77,"GH109V,FH112Y",2,1.78671246574355,1n8z.pdb,HL,A
39.1,"SH105A,WH107Y,GH109Y,DH110G,GH111Y,FH112Y,AH114Y,MH115F",8,1.7917339200917386,1n8z.pdb,HL,A
39.6,"SH105A,GH108Y,DH110Y,FH112Y,AH114L,MH115F,YH117V",7,1.7992620008429157,1n8z.pdb,HL,A
39.66,"SH105A,WH107Y,GH108Y,GH109W,GH111Y,AH114Y,MH115F",7,1.8001589760085732,1n8z.pdb,HL,A
39.91,"SH105A,WH107Y,GH108P,DH110G,FH112I,AH114D,MH115F,YH117P",8,1.803881823395869,1n8z.pdb,HL,A
40.0,"SH105A,WH107Y,DH110Y,FH112Y,AH114W,MH115F",6,1.8052163422566512,1n8z.pdb,HL,A
40.11,"SH105A,GH108L,GH109R,DH110G,GH111L,FH112G,AH114Y,MH115W",8,1.8068433491014932,1n8z.pdb,HL,A
40.6,"SH105A,WH107Y,GH109D,DH110S,GH111Y,FH112Y,AH114Y,MH115F",8,1.8140371302638256,1n8z.pdb,HL,A
41.25,"SH105A,WH107Y,GH109P,DH110Y,GH111Y,FH112Y",6,1.8234470724769751,1n8z.pdb,HL,A
41.57,"SH105T,WH107Y,GH108Y,DH110G,GH111Y,FH112G,AH114Y,MH115F",8,1.828025328411325,1n8z.pdb,HL,A
41.61,"SH105A,WH107N,GH108Y,GH109Y,GH111Y,FH112Y,AH114Y,MH115L",8,1.82859513079595,1n8z.pdb,HL,A
41.63,"SH105V,GH109R,DH110Y,FH112V,AH114Y,MH115F",6,1.828879826612937,1n8z.pdb,HL,A
41.67,"GH108V,FH112S",2,1.8294488081536675,1n8z.pdb,HL,A
42.12,"SH105A,WH107Y,DH110Y,FH112N,AH114W,MH115F,YH117T",7,1.8358124781846,1n8z.pdb,HL,A
42.13,"SH105A,WH107G,GH109Y,DH110G,GH111Y,FH112Y,YH113T,AH114W,MH115F",9,1.8359531196057333,1n8z.pdb,HL,A
42.25,"SH105A,RH106G,WH107S,GH108S,GH109A,DH110S,FH112W,AH114H,MH115Y,DH116T,YH117T",11,1.837638217637936,1n8z.pdb,HL,A
42.25,"SH105A,WH107Y,GH109T,DH110G,GH111T,FH112Y,AH114Y,MH115F,DH116L,YH117H",10,1.837638217637936,1n8z.pdb,HL,A
42.45,"SH105A,GH108E,DH110Y,FH112S,AH114E,MH115F,DH116A",7,1.840436107058702,1n8z.pdb,HL,A
42.75,"SH105A,WH107Y,GH108Y,GH109Y,GH111F,FH112G,AH114Y,MH115F",8,1.844608321370238,1n8z.pdb,HL,A
42.87,"SH105A,WH107Y,DH110L,FH112G,AH114T,MH115L,DH116A",7,1.8462690147736556,1n8z.pdb,HL,A
43.05,"SH105A,RH106Q,WH107N,GH108W,GH109D,DH110R,FH112S,AH114F,MH115Y,DH116T",10,1.84875135911928,1n8z.pdb,HL,A
45.1,"SH105A,WH107Y,GH109A,DH110R,GH111S,FH112G,MH115Y,DH116E",8,1.876312234666143,1n8z.pdb,HL,A
45.51,"SH105A,WH107N,GH108Y,GH109Y,DH110Y,FH112A,AH114Y,MH115F",8,1.8816738276725076,1n8z.pdb,HL,A
46.1,"SH105A,RH106S,WH107V,GH108D,GH109L,DH110G,AH114D,MH115F,DH116R",9,1.8893051234561271,1n8z.pdb,HL,A
46.1,"SH105A,RH106I,WH107T,GH108F,GH109Y,DH110G,GH111Y,FH112T,YH113I,AH114V,MH115W,DH116E",12,1.8893051234561271,1n8z.pdb,HL,A
46.69,"SH105A,DH110Y,FH112Y,AH114W,MH115F",5,1.8968393702764068,1n8z.pdb,HL,A
47.98,"SH105A,GH108S,DH110A,GH111S",4,1.9129862038235412,1n8z.pdb,HL,A
48.33,"SH105A,GH108Q,DH110R,GH111S,FH112G,AH114Y",6,1.917292280184375,1n8z.pdb,HL,A
48.72,"SH105A,GH108L,GH109D,DH110Y,GH111F,FH112Y",6,1.9220538982663555,1n8z.pdb,HL,A
49.87,"SH105A,GH108H,GH109Y,GH111V,FH112G,YH113F,AH114Y,MH115F",8,1.9358758007700327,1n8z.pdb,HL,A
50.0,"SH105A,WH107Y,GH109Y,GH111Y,FH112Y,AH114Y,MH115F,YH117V",8,1.9374181818932428,1n8z.pdb,HL,A
50.85,"SH105A,WH107F,GH109P,DH110A,GH111Y,AH114G,MH115F,DH116Y",8,1.9474052143395113,1n8z.pdb,HL,A
50.86,"SH105A,WH107Y,GH108M,GH109R,DH110P,GH111A,AH114P,MH115F,DH116L",9,1.947521712616112,1n8z.pdb,HL,A
52.01,"SH105A,GH109S,DH110G,GH111N,FH112Y,AH114E,MH115F",7,1.9607684933249985,1n8z.pdb,HL,A
53.93,"SH105A,RH106S,WH107Y,GH109S,DH110G,GH111S,FH112Y,YH113F,AH114S,MH115F,DH116P,YH117L",12,1.9822454118693231,1n8z.pdb,HL,A
54.01,"SH105A,WH107Y,GH109Y,DH110G,GH111A,FH112Y,AH114Y,MH115F",8,1.983123606558561,1n8z.pdb,HL,A
56.27,"SH105T,WH107Y,GH108Y,GH109S,DH110G,GH111H,FH112Y,AH114S,MH115F",9,2.007409587173962,1n8z.pdb,HL,A
56.99,"SH105A,WH107Y,GH111Y,FH112Y,AH114Y,MH115Y",6,2.0149421878198854,1n8z.pdb,HL,A
57.56,"SH105A,WH107Y,DH110G,GH111Y,FH112Y,AH114Y,MH115Y",7,2.02083831035093,1n8z.pdb,HL,A
57.63,"SH105T,WH107Y,GH109S,DH110F,FH112Y,MH115L,YH117S",7,2.021558366674697,1n8z.pdb,HL,A
58.1,"SH105A,WH107Y,DH110L,GH111S,FH112Y,AH114S,MH115F,YH117L",8,2.02637049772507,1n8z.pdb,HL,A
59.06,"SH105T,WH107Y,GH108F,DH110A,GH111Y,FH112W,AH114W",7,2.0360797267058377,1n8z.pdb,HL,A
59.1,"SH105A,RH106K,WH107F,GH108H,GH109W,DH110G,GH111E,FH112D,YH113W,AH114L,MH115S,YH117N",12,2.0364808451935676,1n8z.pdb,HL,A
60.3,"SH105A,RH106G,WH107S,GH108V,GH109A,DH110E,FH112W,AH114H,MH115Y,DH116R,YH117D",11,2.0483898287580136,1n8z.pdb,HL,A
60.62,"SH105A,WH107Y,GH108Y,DH110S,GH111S,FH112S,AH114Y,MH115F,DH116A",9,2.0515255395978205,1n8z.pdb,HL,A
60.72,"SH105A,WH107S,GH109Y,DH110P,FH112Y,YH113G,AH114S,MH115F,DH116A",9,2.05250205536818,1n8z.pdb,HL,A
63.64,"SH105A,WH107T,GH108V,GH109V,DH110G,GH111W,FH112Y,YH113G,AH114R,MH115F",10,2.080328974290902,1n8z.pdb,HL,A
65.0,"SH105A,WH107N,GH108S,DH110T,FH112I,YH113W,MH115F,DH116A",8,2.09285641084149,1n8z.pdb,HL,A
65.33,"SH105A,DH110T,GH111Y,FH112Y",4,2.095856634465433,1n8z.pdb,HL,A
65.58,"SH105A,GH108P,GH109P,DH110Y,GH111Y,FH112W,YH113W,MH115F",8,2.098119458940152,1n8z.pdb,HL,A
66.61,"SH105A,GH109N,DH110V,FH112Y,AH114V,MH115L",6,2.1073521980751035,1n8z.pdb,HL,A
67.0,"SH105A,WH107A,DH110T,GH111S,FH112I,YH113S,AH114L,MH115G,DH116H,YH117G",10,2.1108108752681627,1n8z.pdb,HL,A
67.4,"SH105A,WH107Y,GH109D,DH110A,GH111F,FH112I,YH113M,AH114S,MH115F,DH116G,YH117V",11,2.114337385583715,1n8z.pdb,HL,A
67.6,"SH105A,RH106P,GH109T,DH110Y,GH111R,FH112Y,YH113G,AH114Y,MH115F,YH117H",10,2.1160928001531474,1n8z.pdb,HL,A
70.7,"SH105A,RH106V,WH107Y,GH109P,DH110Y,FH112G,YH113F,AH114S,MH115Y,YH117S",10,2.142656919208381,1n8z.pdb,HL,A
70.95,"SH105A,GH108Y,GH109Y,DH110G,GH111T,FH112S,AH114Y,MH115F,YH117V",9,2.144748174410976,1n8z.pdb,HL,A
71.04,"SH105V,RH106Y,WH107Y,GH108Y,GH109E,DH110A,FH112S,AH114Y,MH115F,YH117G",10,2.145499222874644,1n8z.pdb,HL,A
71.77,"SH105A,RH106I,GH108S,GH109M,DH110Y,GH111D,FH112V,YH113G,AH114Y,MH115Y,DH116P,YH117F",12,2.1515561336664284,1n8z.pdb,HL,A
71.8,"SH105A,WH107Y,GH109L,DH110Y,FH112S,AH114Y,MH115F,DH116R",8,2.1518037280074633,1n8z.pdb,HL,A
72.34,"SH105A,WH107Y,DH110S,GH111S,FH112Y,AH114Y,MH115Y",7,2.1562428228870054,1n8z.pdb,HL,A
72.84,"SH105A,GH108Y,GH109S,DH110G,GH111Y,FH112Y",6,2.1603236489384567,1n8z.pdb,HL,A
75.07,"SH105A,WH107Y,GH108L,GH109T,GH111A,FH112D,YH113F,AH114R,MH115L,DH116H",10,2.178189486831892,1n8z.pdb,HL,A
76.87,"SH105A,RH106Q,GH108Y,GH109D,DH110Y,FH112G,YH113T,AH114Y,MH115L",9,2.1922274421299086,1n8z.pdb,HL,A
78.14,"SH105T,GH108R,GH109W,DH110G,GH111Y,FH112G,AH114Y,MH115F,YH117F",9,2.201935601028625,1n8z.pdb,HL,A
79.05,"SH105A,WH107Y,GH108Y,DH110G,FH112G,AH114Y",6,2.2087952909356137,1n8z.pdb,HL,A
79.66,"WH107Y,GH109R,DH110G,GH111V,FH112Y,AH114Y,MH115F",7,2.21334947768708,1n8z.pdb,HL,A
80.1,"SH105T,WH107Y,GH108S,GH109R,DH110S,GH111Y,FH112Y,AH114G,MH115L,YH117P",10,2.216612866920377,1n8z.pdb,HL,A
83.25,"SH105A,WH107P,GH108S,GH109Y,GH111V,FH112G,YH113G,AH114D,DH116L,YH117F",10,2.2394650876351427,1n8z.pdb,HL,A
83.55,"SH105A,WH107Y,GH108V,GH109T,DH110A,GH111N,FH112T,AH114S,MH115Y,YH117P",10,2.2415962121767787,1n8z.pdb,HL,A
88.13,"SH105A,GH109T,DH110Y,GH111T,FH112Y,YH113G,AH114Y,MH115F",8,2.2732140368343785,1n8z.pdb,HL,A
89.59,"SH105A,GH108A,GH109R,DH110G,GH111A,FH112G,AH114Y,MH115W",8,2.2829484432708007,1n8z.pdb,HL,A
90.13,"SH105A,WH107Y,GH108P,GH109S,DH110G,GH111Y,FH112Y,AH114Y,MH115F",9,2.2865087040541745,1n8z.pdb,HL,A
97.17,"SH105A,WH107Y,DH110S,GH111S,FH112Y,AH114Y,MH115F",7,2.3310663952524795,1n8z.pdb,HL,A
97.3,"SH105A,WH107Y,GH109D,DH110G,GH111T,FH112Y,AH114F,MH115F,DH116A,YH117H",10,2.3318584842056307,1n8z.pdb,HL,A
97.71,"SH105A,RH106K,WH107Y,GH108D,GH109T,DH110A,FH112S,AH114H,MH115F,YH117V",10,2.334349696669035,1n8z.pdb,HL,A
98.42,"SH105A,RH106F,WH107A,GH108D,GH109S,DH110G,GH111A,FH112Y,YH113G,AH114I,MH115W,DH116S,YH117F",13,2.3386391245580818,1n8z.pdb,HL,A
98.95,"SH105A,WH107Y,GH108D,GH109Y,DH110Y,FH112Y,AH114Y,MH115F",8,2.341820968872103,1n8z.pdb,HL,A
102.0,"SH105A,WH107S,GH108Y,GH109A,DH110Y,GH111L,FH112Y,YH113G,AH114S,MH115W",10,2.3598067098700817,1n8z.pdb,HL,A
103.61,"SH105A,WH107D,DH110R,GH111S,FH112Y,AH114S,MH115F,DH116Y",8,2.369085122296065,1n8z.pdb,HL,A
104.06,"SH105T,WH107N,GH108V,GH109V,DH110N,GH111L,FH112Y,AH114S,MH115Y,YH117S",10,2.371652694020071,1n8z.pdb,HL,A
105.85,"SH105A,WH107Y,GH108Y,GH109S,DH110Y,FH112G,AH114Y,MH115F",8,2.381757165054818,1n8z.pdb,HL,A
108.6,"SH105A,WH107N,GH109Y,DH110Y,FH112G,MH115F",6,2.396952616391278,1n8z.pdb,HL,A
109.2,"SH105V,RH106L,WH107S,GH108R,GH109I,DH110V,GH111V,FH112S,AH114F,MH115Y",10,2.4002168229062537,1n8z.pdb,HL,A
109.22,"TH59S,SH105A,WH107Y,GH108Y,DH110G,GH111S,FH112M,AH114Y,MH115Y,DH116G",10,2.4003253206601975,1n8z.pdb,HL,A
110.57,"WH107I,GH108R,GH109R,DH110W,AH114Y,MH115F",6,2.407603360938822,1n8z.pdb,HL,A
112.0,"SH105A,WH107G,GH108F,GH109V,DH110Y,GH111A,FH112G,YH113I,AH114P,MH115F",10,2.4152164084706875,1n8z.pdb,HL,A
112.19,"SH105A,WH107Y,GH108Y,GH109S,GH111Y,FH112S,AH114T,MH115F,DH116S",9,2.416220609406164,1n8z.pdb,HL,A
116.13,"SH105A,GH108W,GH109Y,DH110G,FH112R,YH113N,AH114Y,MH115F,YH117I",9,2.436669913548658,1n8z.pdb,HL,A
119.89,"SH105T,WH107S,GH109E,DH110L,GH111Y,FH112G,AH114F,MH115H,YH117M",9,2.4555480419981386,1n8z.pdb,HL,A
121.09,"SH105A,GH108A,GH109T,DH110A,GH111L,FH112G,AH114Y,MH115W",8,2.4614485171995284,1n8z.pdb,HL,A
123.1,"SH105A,DH110Y,FH112W,AH114G,MH115F",5,2.471202031946069,1n8z.pdb,HL,A
124.16,"SH105A,WH107D,DH110G,MH115Y",4,2.4762817290259704,1n8z.pdb,HL,A
124.99,"SH105A,WH107F,GH108S,DH110Y,FH112A,AH114D,MH115Y,DH116A",8,2.480229045626988,1n8z.pdb,HL,A
126.77,"SH105A,WH107D,GH109Y,DH110P,GH111Q,FH112Y,YH113G,AH114G,MH115Y,DH116G",10,2.4886067236019382,1n8z.pdb,HL,A
127.5,"SH105A,WH107Y,GH109R,FH112S,AH114Y,MH115F",6,2.4920085495066715,1n8z.pdb,HL,A
128.1,"SH105A,RH106G,WH107Y,GH108E,DH110Y,FH112L,AH114P,MH115F,DH116A",9,2.494790019328086,1n8z.pdb,HL,A
128.37,"SH105A,RH106T,WH107Y,GH108Y,DH110P,GH111Y,FH112Y",7,2.496037433019408,1n8z.pdb,HL,A
128.79,"SH105A,WH107S,GH108N,GH109Y,DH110Y,GH111Y,FH112G,YH113S,AH114G,MH115F,DH116A",11,2.4979726488727216,1n8z.pdb,HL,A
130.61,"DH110E,FH112Y,YH113H",3,2.5062862980950236,1n8z.pdb,HL,A
131.5,"SH105V,WH107L,GH109D,DH110Y,FH112G",5,2.5103096798202085,1n8z.pdb,HL,A
133.0,"SH105A,GH108W,GH109T,DH110P,GH111A,FH112N,AH114P,MH115F,DH116L",9,2.5170294340944235,1n8z.pdb,HL,A
133.97,"YH57D,TH59A,SH105A,WH107V,DH110R,FH112Y,AH114Y,MH115Y",8,2.5213346440663305,1n8z.pdb,HL,A
134.47,"SH105A,WH107S,GH108H,GH109I,DH110G,GH111Y,FH112Y,YH113G,AH114Q,MH115V,DH116A,YH117L",12,2.523541664886201,1n8z.pdb,HL,A
135.02,"SH105A,RH106S,WH107Y,GH108Y,GH109A,DH110P,FH112S,AH114G,MH115F,YH117P",10,2.525959929337386,1n8z.pdb,HL,A
135.31,"SH105A,WH107Y,GH109L,DH110N,GH111H,FH112Y,AH114V,MH115Y,DH116P",9,2.527231050864371,1n8z.pdb,HL,A
135.37,"SH105A,WH107S,GH108Y,GH109F,DH110R,GH111F,FH112T,YH113G,AH114D,MH115F,DH116F",11,2.5274937013712933,1n8z.pdb,HL,A
139.75,"SH105A,GH108W,DH110Y,FH112Y,AH114Y,MH115F,DH116A",7,2.5463593524120824,1n8z.pdb,HL,A
141.43,"WH107Y,GH108Y,GH109D,DH110Y,GH111N,FH112Y,AH114F",7,2.553439025054127,1n8z.pdb,HL,A
146.32,"SH105A,WH107D,DH110S,GH111S,FH112S,AH114S,MH115Y,DH116S",8,2.5735771250407,1n8z.pdb,HL,A
148.77,"SH105A,WH107T,GH108T,GH109S,DH110S,GH111I,FH112P,YH113S,AH114S,MH115F",10,2.5834150776213125,1n8z.pdb,HL,A
150.36,"SH105A,WH107Y,GH108R,GH109Y,DH110G,GH111Y,FH112Y,AH114Y,YH117V",9,2.5897133929085623,1n8z.pdb,HL,A
151.1,"SH105A,WH107Y,GH109S,DH110L,GH111T,FH112Y,DH116H",7,2.592622006645403,1n8z.pdb,HL,A
152.88,"SH105A,WH107Y,GH108Y,GH109Y,DH110L,GH111D,FH112Y,AH114Y,MH115F",9,2.5995604669684873,1n8z.pdb,HL,A
153.52,"SH105A,WH107D,GH109Y,DH110P,GH111F,FH112Y,YH113S,AH114G",8,2.6020354658003075,1n8z.pdb,HL,A
154.68,"SH105A,RH106T,WH107S,GH109S,DH110V,GH111D,FH112R,AH114D,MH115Y,DH116V",10,2.606495216263438,1n8z.pdb,HL,A
155.5,"SH105A,WH107Y,GH108N,GH109P,DH110F,GH111D,FH112G,YH113F,AH114Y,MH115F,YH117V",11,2.6096276668303062,1n8z.pdb,HL,A
157.39,"SH105A,WH107S,GH108S,DH110Y,GH111Y,FH112Y,AH114G,MH115F,DH116V",9,2.616785120684554,1n8z.pdb,HL,A
160.15,"YH57D,TH59A,NH62D,SH105A,WH107E,DH110Y,FH112Y",7,2.627084350102752,1n8z.pdb,HL,A
165.5,"SH105A,WH107G,GH108Y,GH109Y,DH110Q,GH111D,FH112S,YH113Q,AH114S,MH115W,DH116G",11,2.6465525111398485,1n8z.pdb,HL,A
168.68,"SH105A,WH107V,DH110Y,FH112Y,AH114S,MH115Y",6,2.65782819596458,1n8z.pdb,HL,A
170.52,"SH105A,RH106S,WH107S,GH109R,DH110L,GH111D,FH112L,AH114D,MH115F,DH116R,YH117L",11,2.6642558041169817,1n8z.pdb,HL,A
171.22,"SH105A,RH106T,WH107G,GH108Y,DH110Y,GH111L,FH112L,AH114S,MH115D,DH116H,YH117D",11,2.666682894704172,1n8z.pdb,HL,A
181.9,"SH105A,RH106T,WH107G,GH108S,DH110G,FH112G,YH113F,AH114S,MH115Y,DH116G",10,2.7025308645253467,1n8z.pdb,HL,A
188.46,"SH105A,RH106Q,WH107Y,GH109R,DH110G,FH112Y,YH113W,AH114Y,MH115F",9,2.7235206664953893,1n8z.pdb,HL,A
188.5,"SH105A,WH107S,GH108Y,GH109A,DH110F,GH111L,FH112Y,YH113G,AH114R",9,2.7236463990900344,1n8z.pdb,HL,A
190.9,"SH105A,WH107Y,GH108S,GH109Y,DH110Y,FH112G,YH113G,MH115F",8,2.7311419379790234,1n8z.pdb,HL,A
192.08,"TH37Y,TH59S,NH62R,SH105A,WH107H,GH109S,DH110E,FH112R,AH114T,YH117V",10,2.7347927581421736,1n8z.pdb,HL,A
205.07,"SH105A,WH107D,GH108S,GH109P,DH110Y,GH111Y,FH112G,YH113S,AH114L,MH115Y,DH116L",11,2.7735624796560217,1n8z.pdb,HL,A
213.14,"TH59A,SH105A,WH107E,DH110V,FH112Y,AH114S,MH115F,DH116A",8,2.7964298480284135,1n8z.pdb,HL,A
213.8,"WH107Y,GH108S,GH109Y,DH110S,FH112G,YH113H,MH115F,DH116A",8,2.7982615743635133,1n8z.pdb,HL,A
222.67,"SH105A,GH108Y,DH110L,FH112S,AH114G,MH115L,DH116T",7,2.822344662323319,1n8z.pdb,HL,A
224.9,"IH30V,KH35S,DH36S,TH37S,TH59E,YH64S,WH107Y,GH108S,GH109Y,DH110Y,FH112G,MH115F",12,2.828248448799391,1n8z.pdb,HL,A
225.85,"SH105A,GH108E,GH109Q,DH110A,GH111S,FH112V,YH113G,AH114S,MH115F,DH116G",10,2.830745754258825,1n8z.pdb,HL,A
227.95,"SH105A,WH107S,DH110Y,GH111Y,FH112H,AH114G,MH115F,DH116V",8,2.836229042257777,1n8z.pdb,HL,A
230.09,"TH59S,SH105A,WH107S,GH108S,DH110Y,GH111Y,FH112S,AH114S,MH115Y",9,2.8417650499005216,1n8z.pdb,HL,A
230.51,"SH105A,GH108R,GH109Y,DH110G,FH112A,AH114Q,MH115F,DH116A,YH117L",9,2.8428455097448104,1n8z.pdb,HL,A
230.61,"GH109T,FH112V",2,2.8431024719208313,1n8z.pdb,HL,A
231.3,"SH105A,WH107D,DH110M,GH111Y,FH112R,AH114G,MH115L,DH116Y,YH117G",9,2.8448724798134943,1n8z.pdb,HL,A
239.28,"GH108D,FH112N",2,2.864967766870114,1n8z.pdb,HL,A
243.36,"SH105A,WH107Y,DH110G,GH111P,FH112S,AH114R,MH115L,DH116S",8,2.874984597946602,1n8z.pdb,HL,A
250.7,"SH105A,GH108S,DH110G,GH111S,FH112L,MH115L",6,2.8925894133022396,1n8z.pdb,HL,A
253.19,"WH107K,AH114G",2,2.8984447287376316,1n8z.pdb,HL,A
256.0,"SH105A,WH107G,GH108H,GH109Y,DH110S,GH111L,FH112G,AH114S,MH115F,YH117F",10,2.9049837690754696,1n8z.pdb,HL,A
256.24,"WH107R,GH111Y",2,2.905538932617965,1n8z.pdb,HL,A
257.05,"SH105A,WH107D,DH110I,GH111A,FH112Y,AH114Y,MH115F,DH116A",8,2.9074087781445996,1n8z.pdb,HL,A
257.12,"SH105A,WH107Y,DH110R,GH111S,FH112S,AH114Y,MH115F",7,2.9075700930370214,1n8z.pdb,HL,A
267.19,"WH107S,GH111Q",2,2.930330388331462,1n8z.pdb,HL,A
277.34,"YH57D,TH59E,SH105A,WH107V,DH110Y,FH112Y,AH114Y,MH115Y",8,2.952419471484241,1n8z.pdb,HL,A
277.54,"SH105A,WH107D,GH109I,DH110Y,FH112Y,YH113G,AH114G,MH115F,DH116A",9,2.952846556266106,1n8z.pdb,HL,A
277.82,"SH105A,WH107D,GH108V,GH109Y,DH110V,FH112S,YH113P,AH114V,MH115F",9,2.953443958201806,1n8z.pdb,HL,A
278.0,"SH105A,WH107S,GH108N,GH109N,DH110W,GH111Y,FH112S,AH114S,MH115F,DH116Q,YH117F",11,2.9538276844470026,1n8z.pdb,HL,A
280.77,"GH109A,YH113T",2,2.9597016771039204,1n8z.pdb,HL,A
301.0,"SH105A,RH106Y,WH107M,GH109S,DH110H,GH111T,FH112I,AH114S,MH115F,DH116E,YH117H",11,3.00092118967787,1n8z.pdb,HL,A
301.77,"GH109L,FH112V",2,3.002434829293737,1n8z.pdb,HL,A
307.53,"SH105A,WH107S,DH110G,GH111S,FH112Y,AH114Y,MH115Y",7,3.0136366185232433,1n8z.pdb,HL,A
310.88,"YH113T,AH114F",2,3.0200554460319182,1n8z.pdb,HL,A
321.95,"SH105A,RH106T,WH107S,GH109T,DH110A,GH111S,FH112W,YH113Q,AH114H,MH115Y,DH116G,YH117V",12,3.040784907478752,1n8z.pdb,HL,A
327.57,"SH105A,WH107L,GH109A,DH110S,GH111H,FH112G,AH114L,MH115Y,YH117D",9,3.051037596368211,1n8z.pdb,HL,A
329.97,"SH105A,WH107S,GH108T,DH110S,AH114S,MH115Y",6,3.055362477212835,1n8z.pdb,HL,A
337.65,"SH105A,WH107S,DH110Y,GH111Y,FH112T,AH114G,MH115F",7,3.0689936804587408,1n8z.pdb,HL,A
347.56,"TH59S,SH105A,WH107S,GH109Y,DH110Y,GH111Y,FH112S,AH114S,MH115F",9,3.0861318091211807,1n8z.pdb,HL,A
353.55,"SH105T,WH107Y,GH108S,GH109Y,DH110Y,FH112Y,YH113H",7,3.096255395240327,1n8z.pdb,HL,A
357.6,"SH105A,WH107D,GH108Y,GH109D,DH110F,FH112L,YH113S,AH114V,MH115G,DH116A,YH117V",11,3.103003497539296,1n8z.pdb,HL,A
361.85,"WH107Y,GH108S,GH109Y,DH110S,FH112G,YH113G,AH114S,MH115F",8,3.1100031506633847,1n8z.pdb,HL,A
363.6,"SH105A,WH107D,DH110G,FH112V,MH115F,DH116T",6,3.112861495091403,1n8z.pdb,HL,A
366.22,"SH105A,WH107Y,GH108S,GH111S,FH112Y,AH114Y,MH115Y",7,3.1171152312608807,1n8z.pdb,HL,A
367.0,"SH105A,WH107Y,GH108H,GH109Y,DH110R,GH111T,FH112I,YH113G,AH114S,MH115F,DH116G",11,3.118375733488433,1n8z.pdb,HL,A
368.48,"SH105A,RH106W,WH107A,GH108S,DH110Y,FH112G,AH114G",7,3.1207601086433474,1n8z.pdb,HL,A
381.22,"SH105A,WH107Y,GH108R,GH109D,DH110G,GH111Y,FH112D,AH114Y,MH115F",9,3.140897670196731,1n8z.pdb,HL,A
393.99,"YH113Q,AH114H",2,3.1604183066032387,1n8z.pdb,HL,A
394.14,"YH38W,YH57D,TH59A,SH105A,WH107V,DH110R,FH112Y,AH114Y,MH115Y",9,3.160643822187305,1n8z.pdb,HL,A
402.38,"SH105A,WH107D,DH110R,FH112R",4,3.172902091925506,1n8z.pdb,HL,A
422.65,"SH105A,WH107Y,GH108S,DH110S,GH111S,FH112Y,AH114Y,MH115Y",8,3.202019624383059,1n8z.pdb,HL,A
440.64,"SH105A,WH107Y,DH110S,GH111S,FH112N,AH114Y,MH115Y",7,3.2267152756660664,1n8z.pdb,HL,A
444.26,"SH105A,RH106T,WH107G,GH108L,GH109S,DH110P,GH111S,FH112G,YH113S,AH114N,MH115G,DH116P",12,3.2315625762539035,1n8z.pdb,HL,A
465.34,"SH105V,WH107S,GH109Y,GH111Y,FH112Y,YH113S,AH114W,MH115F,DH116A",9,3.25902766945746,1n8z.pdb,HL,A
475.78,"TH59A,SH105A,RH106S,WH107S,DH110G,GH111Y,FH112S,AH114Y,MH115Y,DH116T",10,3.2721725445901804,1n8z.pdb,HL,A
477.55,"SH105A,WH107Y,GH108S,GH109Y,DH110Y,FH112G,YH113G,AH114Y,MH115F",9,3.2743724988896883,1n8z.pdb,HL,A
494.72,"SH105A,WH107S,GH108Y,DH110S,FH112S,AH114S,MH115F",7,3.295299727398657,1n8z.pdb,HL,A
496.0,"SH105A,WH107G,GH108Y,GH109A,DH110Y,GH111Y,FH112V,YH113A,AH114G,MH115R,DH116E",11,3.296830611929394,1n8z.pdb,HL,A
497.74,"WH107Y,GH108S,GH109Y,DH110Y,FH112G,YH113G,AH114G,MH115F",8,3.2989053347044095,1n8z.pdb,HL,A
542.45,"NH62S,SH105A,RH106S,WH107D,DH110V,GH111S,FH112S,AH114S,MH115F",9,3.3498669067270743,1n8z.pdb,HL,A
553.82,"TH59A,SH105A,RH106S,WH107S,DH110S,GH111S,FH112S,AH114Y,MH115Y,DH116N",10,3.362156617482235,1n8z.pdb,HL,A
566.15,"SH105A,WH107S,GH108R,DH110S,GH111S,FH112S,AH114M",7,3.3752020171048525,1n8z.pdb,HL,A
566.77,"SH105A,WH107D,GH108R,DH110V,GH111S,FH112G,AH114Y,MH115L,DH116Y",9,3.375850465833082,1n8z.pdb,HL,A
569.89,"SH105A,WH107N,GH108Y,GH109Y,DH110G,GH111A,FH112A,AH114Y,MH115F",9,3.3791028981024116,1n8z.pdb,HL,A
590.53,"TH59S,NH62S,SH105A,RH106S,WH107S,DH110R,GH111Y,FH112Y,AH114Y,MH115Y",10,3.400180609132512,1n8z.pdb,HL,A
602.21,"SH105A,WH107T,GH108D,GH109I,DH110I,GH111Y,FH112S,YH113G,AH114H,MH115F,DH116A",11,3.4117842450877376,1n8z.pdb,HL,A
603.04,"SH105A,WH107S,DH110S,FH112Y,AH114S,MH115Y,DH116N",7,3.412600233844005,1n8z.pdb,HL,A
637.2,"SH105A,WH107F,GH108M,DH110G,FH112Y,YH113T,AH114S,MH115S",8,3.445244366892531,1n8z.pdb,HL,A
642.24,"IH30F,TH59A,SH105A,RH106S,WH107D,DH110S,GH111Y,FH112S,MH115F",9,3.449911992483541,1n8z.pdb,HL,A
667.96,"SH105A,WH107S,GH108S,DH110S,GH111S,FH112Y,AH114G,MH115F",8,3.473175345910061,1n8z.pdb,HL,A
669.18,"TH59E,NH62D,YH64S,SH105A,WH107S,DH110S,GH111S,FH112T,MH115Y",9,3.474256446798133,1n8z.pdb,HL,A
680.03,"SH105A,WH107S,DH110S,GH111S,AH114G",5,3.483785345333928,1n8z.pdb,HL,A
712.8,"SH105A,WH107G,GH108Y,GH109Y,GH111T,FH112S,YH113Q,AH114S,MH115H,DH116A",10,3.5116684825765656,1n8z.pdb,HL,A
809.63,"PH58S,TH59S,NH62D,SH105A,WH107S,DH110S,GH111S,FH112Y,AH114Y,MH115Y",10,3.587132929073423,1n8z.pdb,HL,A
863.55,"SH105A,WH107Y,GH108S,DH110S,FH112G,YH113N,MH115F,DH116A",8,3.625330942866942,1n8z.pdb,HL,A
901.24,"SH105A,WH107T,DH110S,GH111S,FH112Y,MH115Y",6,3.650640369003076,1n8z.pdb,HL,A
906.53,"TH59S,SH105A,WH107Y,GH108R,DH110S,GH111S,FH112S,AH114Y,MH115F",9,3.654107712680352,1n8z.pdb,HL,A
959.35,"SH105A,WH107H,GH108Y,GH109Y,DH110G,GH111W,FH112S,YH113S,AH114G,MH115Y",10,3.687659363275268,1n8z.pdb,HL,A
994.32,"SH105A,WH107S,GH108A,DH110I,FH112Y",5,3.7088709895640193,1n8z.pdb,HL,A
1052.08,"WH107Y,GH109Y,DH110S,FH112Y,YH113G,MH115F",6,3.742323997945441,1n8z.pdb,HL,A
1065.31,"SH105A,WH107S,DH110S,GH111Y,FH112S,AH114S,MH115F,YH117V",8,3.749727680544879,1n8z.pdb,HL,A
1067.07,"SH105A,WH107S,DH110S,GH111S,FH112Y,AH114Y,MH115Y",7,3.750705663576209,1n8z.pdb,HL,A
1322.98,"KH35S,TH37Y,TH59S,NH62S,SH105A,WH107D,DH110V,FH112S,AH114S,YH117V",10,3.878065180980748,1n8z.pdb,HL,A
1407.65,"SH105A,WH107S,DH110R,GH111Y,FH112T,AH114G,MH115F",7,3.9148178683598855,1n8z.pdb,HL,A
1588.0,"SH105A,RH106S,WH107S,DH110S,GH111S,FH112S,AH114S,MH115Y,DH116S",9,3.9862401562770753,1n8z.pdb,HL,A
1672.63,"TH59A,NH62D,SH105A,RH106S,WH107S,DH110S,GH111S,FH112Y,AH114Y,MH115Y",10,4.01700137419585,1n8z.pdb,HL,A
1698.5,"IH30V,TH59S,NH62D,SH105A,RH106S,WH107S,DH110S,GH111S,FH112Y,AH114Y,MH115Y",11,4.02609448759946,1n8z.pdb,HL,A
1724.82,"SH105A,RH106S,WH107S,DH110S,GH111S,FH112S,AH114S,MH115Y,DH116Y",9,4.035204733486509,1n8z.pdb,HL,A
1830.41,"SH105A,WH107S,DH110S,FH112Y,AH114Y,MH115Y",6,4.0704066237865355,1n8z.pdb,HL,A
1986.37,"SH105A,WH107Y,GH108S,GH109S,DH110S,FH112G,YH113S,MH115F",8,4.1188507512046275,1n8z.pdb,HL,A
2286.4,"SH105A,WH107V,DH110R,FH112Y,MH115Y",5,4.20219077968194,1n8z.pdb,HL,A
2421.18,"SH105A,RH106V,WH107S,DH110S,GH111S,FH112S,AH114S,MH115Y,DH116Q",9,4.236124353620554,1n8z.pdb,HL,A
2523.9,"SH105A,WH107D,DH110S,FH112Y,MH115Y",5,4.260740911048753,1n8z.pdb,HL,A
