pdb,BindModel_0,BindModel_1,BindModel_2,BindModel_3,BindModel_4,BindModel_mean
"1n8z_HL_A_SH105A,DH110Y.pdb",-0.38453,-0.77025,0.01164,-0.2753,-0.33908,-0.3515
"1n8z_HL_A_SH105T,GH108Y,GH109Y,DH110F,GH111I,FH112Y,AH114Y,YH117V.pdb",-2.5004,-2.07356,-4.10043,-4.56159,-5.33864,-3.71493
"1n8z_HL_A_SH105T,WH107Y,GH108F,GH109F,DH110N,FH112W,AH114Y,MH115F,YH117V.pdb",-1.72266,-1.13322,-3.33754,-3.82852,-3.88842,-2.78207
"1n8z_HL_A_SH105A,WH107Y,GH108Y,DH110Y,FH112G,AH114W,MH115F,DH116A.pdb",-0.9995,-1.32281,-1.76397,-1.63639,-1.94324,-1.53318
"1n8z_HL_A_DH110W,AH114S.pdb",-1.02822,0.12607,-1.29982,-0.71548,-0.225,-0.62849
"1n8z_HL_A_GH108H,DH110Y.pdb",-0.42481,-1.06507,-0.74017,-1.49847,-0.4905,-0.8438
"1n8z_HL_A_SH105T,GH108L,GH109E,DH110G,GH111L,FH112S,AH114F.pdb",-1.02838,-0.52431,-1.51128,-0.68239,-0.70099,-0.88947
"1n8z_HL_A_SH105T,WH107Y,DH110R,FH112A,AH114Y,MH115F,YH117V.pdb",-1.13038,-0.668,-0.28485,-0.50103,0.0261,-0.51163
"1n8z_HL_A_SH105A,GH108P,GH109F,DH110Y,FH112P,AH114N,MH115Y.pdb",-1.20401,-1.14359,-0.33429,-1.43795,-1.08278,-1.04052
"1n8z_HL_A_SH105A,GH108I,GH109D,DH110G,GH111Y,FH112S,AH114F.pdb",-1.06735,0.29374,-1.43981,0.12705,-0.35757,-0.48879
"1n8z_HL_A_SH105T,WH107Y,GH108Y,GH109Y,DH110G,FH112P,AH114Y,MH115F.pdb",-0.50929,-0.58462,-0.98759,-2.2443,-3.1662,-1.4984
"1n8z_HL_A_SH105A,WH107Y,GH109L,DH110G,GH111D,FH112W,AH114Y,MH115F,DH116A.pdb",-1.57325,-2.62768,-1.00254,-2.22304,-4.84708,-2.45472
"1n8z_HL_A_SH105A,WH107Y,GH108E,GH109A,DH110Y,FH112L,AH114P,MH115F,DH116G.pdb",-1.35787,-1.33819,-1.36737,-0.4871,-0.12813,-0.93573
"1n8z_HL_A_SH105A,GH108L,DH110E,FH112Y,AH114N,MH115F.pdb",-0.3859,-0.58803,-0.52319,-0.72855,-1.23825,-0.69279
1n8z_HL_A_DH110R.pdb,-0.4583,-0.39461,-0.03222,-0.49732,0.4116,-0.19417
"1n8z_HL_A_SH105A,RH106N,WH107D,GH108I,GH109Y,DH110I,GH111Q,FH112G,AH114D,MH115L,DH116N,YH117R.pdb",-0.00088,0.64502,-0.65501,2.5435,-0.20214,0.4661
"1n8z_HL_A_SH105A,GH108T,GH109A,DH110G,GH111Y,FH112T,AH114Y.pdb",-1.10123,0.27019,-1.8485,-0.77244,-0.71095,-0.83259
"1n8z_HL_A_SH105T,GH109Y,DH110Y,FH112Y.pdb",-0.66724,-1.03808,-1.87853,-1.74739,-1.9743,-1.46111
"1n8z_HL_A_SH105A,GH108W,GH109Y,DH110Y,FH112Y,AH114Y,MH115F,YH117V.pdb",-1.7528,-1.1851,-3.7663,-4.08345,-5.30299,-3.21813
"1n8z_HL_A_SH105A,GH108P,DH110Y,FH112S,AH114Y,YH117V.pdb",-0.16185,-0.75766,-0.213,-0.2099,0.70405,-0.12767
"1n8z_HL_A_DH110P,FH112L.pdb",0.11617,-0.37157,-0.29911,0.07425,0.02274,-0.09151
"1n8z_HL_A_SH105A,GH108R.pdb",-0.19134,-0.02035,-0.00169,-0.97773,-0.54588,-0.3474
"1n8z_HL_A_SH105V,WH107Y,GH108Y,FH112G,AH114Y,MH115F.pdb",-0.3822,-0.8102,-0.45481,-1.47917,-1.58712,-0.9427
"1n8z_HL_A_SH105A,GH108Y,GH109Y,DH110Y,FH112Y,AH114Y,MH115F,YH117V.pdb",-1.70957,-1.5765,-3.79651,-3.84696,-5.29963,-3.24583
"1n8z_HL_A_SH105A,GH108Y,GH109Y,DH110L,FH112Y,AH114Y,MH115F.pdb",-1.05834,-2.24214,-2.57194,-3.54128,-5.38985,-2.96071
"1n8z_HL_A_SH105A,GH108W,GH109Y,DH110G,FH112Y,AH114Y,MH115F.pdb",-1.12974,-1.11961,-1.27772,-3.73626,-4.59637,-2.37194
"1n8z_HL_A_SH105A,GH108L,GH109Y,DH110Y,FH112Y,AH114Y,MH115F.pdb",-1.57226,-1.88388,-2.41153,-3.21646,-4.97307,-2.81144
"1n8z_HL_A_SH105A,GH108W,GH109Y,DH110G,FH112Y,AH114Y.pdb",-1.09771,-0.67955,-1.56516,-3.22799,-2.75025,-1.86413
"1n8z_HL_A_SH105V,WH107Y,DH110W,YH113W,AH114Y,MH115F.pdb",-2.04734,-1.62906,-1.56801,-3.05571,-4.87559,-2.63514
"1n8z_HL_A_SH105T,WH107Y,GH108Y,GH109Y,DH110Y,FH112S,AH114H,MH115F.pdb",-1.31091,-2.04406,-2.78148,-3.35566,-3.32871,-2.56416
"1n8z_HL_A_SH105A,GH109Y,DH110S,FH112W,AH114V.pdb",-0.71517,-0.91896,-0.51217,-0.67621,-0.56041,-0.67658
"1n8z_HL_A_SH105A,GH108E,DH110I,FH112G,AH114Y,MH115F,DH116V.pdb",-0.01526,-0.90513,-0.33006,-1.16633,-1.22452,-0.72826
"1n8z_HL_A_SH105A,GH108Y,GH109Y,DH110G,GH111Y,FH112Y,AH114Y,MH115F,YH117V.pdb",-2.45004,-1.5981,-3.65723,-3.66855,-6.51012,-3.57681
"1n8z_HL_A_SH105A,WH107Y,GH108F,GH109Y,GH111Y,FH112Y,AH114Y,MH115F,YH117F.pdb",-3.04651,-1.39111,-5.24099,-3.62358,-7.78972,-4.21838
"1n8z_HL_A_SH105A,WH107Y,GH109D,DH110G,GH111Y,FH112Y,AH114Y,MH115F,DH116A.pdb",-1.39313,-0.93127,-1.49252,-1.90344,-3.68732,-1.88153
"1n8z_HL_A_SH105A,WH107Y,DH110S,GH111Y,AH114Y,MH115Y,DH116S.pdb",-1.66549,-1.19956,-2.08739,-2.47452,-3.70144,-2.22568
"1n8z_HL_A_SH105A,GH108Y,DH110Y,FH112G,AH114Y,MH115F.pdb",-0.4621,-1.35738,-0.88078,-2.19702,-2.02688,-1.38483
"1n8z_HL_A_SH105T,WH107N,GH108Y,GH109Y,GH111Y,FH112Y,AH114Y,MH115F.pdb",-2.09245,-1.22787,-3.72467,-2.00397,-5.35402,-2.8806
"1n8z_HL_A_SH105A,GH108K,DH110Y,FH112H,AH114Y.pdb",-0.72157,-0.9569,-1.54494,-1.27462,-0.19088,-0.93778
"1n8z_HL_A_SH105A,GH108Y,GH109Y,DH110G,GH111H,FH112Y,AH114Y.pdb",-2.07682,-1.63257,-1.93278,-2.8436,-2.98036,-2.29322
"1n8z_HL_A_SH105A,GH109Y,GH111Y,FH112Y,AH114M,YH117V.pdb",-1.69342,-0.18564,-2.91292,-1.77734,-2.82229,-1.87832
"1n8z_HL_A_SH105A,WH107Y,GH108Y,DH110Y,FH112G,AH114Y,MH115F.pdb",-0.34204,-1.41646,-0.24448,-1.4502,-0.6629,-0.82322
"1n8z_HL_A_SH105A,DH110P,FH112Y,MH115F,DH116V,YH117W.pdb",-0.35023,-0.12306,-0.3348,-1.0432,-2.24327,-0.81891
"1n8z_HL_A_SH105A,GH108R,GH109Q,FH112A,AH114Y,MH115L.pdb",0.28605,-1.19386,0.51623,-1.60691,-1.76471,-0.75264
"1n8z_HL_A_SH105A,WH107Y,GH108Y,DH110Y,FH112G,AH114W,MH115Y,YH117T.pdb",-1.04461,-0.28531,-2.08616,-2.22106,-1.52393,-1.43221
"1n8z_HL_A_SH105A,GH108V,GH109Y,DH110G,GH111Y,FH112Y,AH114Y,MH115F.pdb",-2.04502,-1.1558,-2.76695,-2.87362,-3.9888,-2.56604
"1n8z_HL_A_SH105A,GH108Y,GH109Y,DH110Y,FH112G,AH114Y,MH115F.pdb",-0.89259,-2.25822,-1.07453,-3.10999,-3.70201,-2.20747
"1n8z_HL_A_SH105A,WH107N,GH108Y,GH109Y,GH111L,FH112Y,AH114Y,MH115F.pdb",-2.12595,-1.14463,-3.13693,-1.8885,-3.69056,-2.39731
"1n8z_HL_A_SH105A,WH107Y,GH108Y,GH109Y,GH111Y,FH112Y,AH114Y,MH115F.pdb",-2.42212,-1.87779,-4.72206,-2.82586,-6.41405,-3.65238
"1n8z_HL_A_SH105A,GH109Y,DH110G,FH112A,AH114Y.pdb",0.31507,-0.18732,0.51823,0.0057,0.66291,0.26292
"1n8z_HL_A_SH105A,GH108Y,GH109Y,DH110Y,FH112Y,AH114Y,YH117V.pdb",-1.47816,-1.35168,-2.90755,-3.49281,-2.73348,-2.39274
"1n8z_HL_A_SH105T,RH106S,WH107I,GH108F,GH109S,DH110G,FH112Y,AH114G,MH115L,YH117S.pdb",0.48757,-0.26473,0.81819,1.32591,-0.1826,0.43687
"1n8z_HL_A_SH105A,GH108Y,GH109Y,DH110Y,FH112A,AH114Y,MH115F.pdb",-1.22541,-2.50061,-0.90256,-3.38552,-3.57606,-2.31803
"1n8z_HL_A_SH105T,WH107Y,GH109S,DH110F,GH111H,FH112Y,AH114Y,MH115F,YH117V.pdb",-2.82002,-2.21374,-4.14307,-3.68087,-5.45518,-3.66258
"1n8z_HL_A_SH105A,DH110Y,FH112Y,AH114Y,YH117V.pdb",-0.49831,-1.37283,-0.94821,-1.04242,-1.6774,-1.10783
"1n8z_HL_A_SH105T,WH107F,GH108I,GH109D,DH110N,FH112P,AH114Y,MH115F.pdb",-1.29388,-1.09983,-0.60445,-0.58382,0.38365,-0.63967
"1n8z_HL_A_SH105A,WH107Y,GH108L,GH109S,DH110A,GH111V,FH112Y,AH114Y,YH117H.pdb",-1.26194,-1.16888,-1.80311,-2.96495,-3.66415,-2.17261
"1n8z_HL_A_SH105T,WH107Y,GH108A,GH109S,DH110G,GH111Y,MH115F.pdb",-2.11659,-0.02012,-1.49308,-0.86014,-2.5424,-1.40646
"1n8z_HL_A_SH105T,RH106L,GH109L,DH110P,GH111M,FH112M,AH114V,MH115Y,DH116F,YH117F.pdb",-1.9177,-2.111,-3.19135,-1.10637,-3.89368,-2.44402
"1n8z_HL_A_SH105A,GH108L,GH109Y,DH110Y,FH112L,AH114Y,MH115F,YH117V.pdb",-1.45221,-1.86451,-2.44592,-3.38513,-3.65278,-2.56011
"1n8z_HL_A_SH105A,GH109E,DH110F,FH112P,AH114Y,MH115F.pdb",-1.16814,-0.57438,-0.51905,-1.40276,-1.4113,-1.01512
"1n8z_HL_A_SH105A,GH108T,GH109E,DH110R,AH114S,MH115F,YH117I.pdb",-0.63334,-0.66552,-1.31892,-1.5203,-0.65988,-0.95959
"1n8z_HL_A_SH105A,GH109Y,DH110Y,FH112Y,AH114Y,MH115F,YH117V.pdb",-1.67108,-1.7102,-2.38197,-2.45544,-4.96691,-2.63712
"1n8z_HL_A_SH105A,WH107Y,GH108Y,DH110Y,FH112G,AH114Y.pdb",-0.63505,-1.25141,-0.97361,-1.96778,-0.45832,-1.05723
"1n8z_HL_A_SH105A,RH106K,WH107F,GH108A,GH109Y,DH110Y,FH112P,AH114H,MH115F,YH117P.pdb",-1.63439,-1.39521,-1.61541,-1.48442,-1.99154,-1.62419
"1n8z_HL_A_SH105A,GH108Y,DH110Y,FH112Y,AH114F,YH117V.pdb",-1.17422,-1.70025,-1.99336,-2.21934,-1.15271,-1.64798
"1n8z_HL_A_SH105A,DH110G,FH112Y,AH114F.pdb",0.04469,-0.30457,-0.27754,-0.8085,-0.68327,-0.40584
"1n8z_HL_A_SH105A,GH108Y,DH110F,FH112G,AH114Y,MH115F.pdb",-0.34185,-1.15126,-0.73857,-1.97721,-1.48033,-1.13785
"1n8z_HL_A_SH105A,GH108L,DH110S,FH112Y,AH114W,MH115F.pdb",-0.51675,-1.66126,-1.11604,-1.05536,-2.8994,-1.44976
"1n8z_HL_A_SH105A,GH108Y,GH109Y,DH110Y,FH112R,AH114Y,MH115F.pdb",-1.31575,-1.73625,-1.97069,-3.84024,-4.33153,-2.63889
"1n8z_HL_A_SH105T,RH106P,WH107Y,GH108D,GH109V,DH110L,FH112S,AH114Y,MH115F,DH116R,YH117V.pdb",-0.55295,-1.61783,-1.89224,0.20062,-2.70001,-1.31248
"1n8z_HL_A_SH105T,DH110Y,FH112Y.pdb",-0.16062,-0.91476,-1.55687,-0.90372,-1.29086,-0.96537
"1n8z_HL_A_WH107Y,GH108Y,GH109A,DH110G,FH112W,AH114Y,MH115F.pdb",-0.38789,-1.72904,-2.14823,-2.83557,-3.87078,-2.1943
"1n8z_HL_A_SH105A,GH108Y,DH110G,FH112Y,AH114Y.pdb",-0.14424,-0.88055,-1.03477,-2.45893,-1.63815,-1.23133
"1n8z_HL_A_SH105T,WH107Y,DH110Y,FH112Y,AH114Y.pdb",-0.85356,-0.9591,-1.55994,-1.68543,-1.98724,-1.40906
"1n8z_HL_A_SH105T,WH107Y,GH108R,DH110P,GH111Y,FH112Y,AH114Y,MH115F,YH117P.pdb",-0.71362,-0.74803,-3.34521,-2.09113,-4.20216,-2.22003
"1n8z_HL_A_SH105V,GH109V,DH110G,GH111A,FH112Y,AH114N,MH115F.pdb",-0.51318,-0.21384,-0.65193,-0.63808,-1.15868,-0.63514
"1n8z_HL_A_SH105T,WH107Y,GH108D,GH109Y,GH111Y,FH112Y,AH114Y,MH115F.pdb",-2.73437,-1.88674,-4.81933,-2.53188,-5.58397,-3.51126
"1n8z_HL_A_SH105A,GH108Y,GH109Y,DH110Y,FH112G,AH114Y,MH115F,YH117V.pdb",-1.21786,-1.89992,-1.54921,-3.15411,-3.39334,-2.24289
"1n8z_HL_A_SH105A,GH108R,GH109Y,DH110G,GH111Y,FH112Y,AH114Y.pdb",-1.59298,-0.8723,-2.77677,-2.62262,-3.15537,-2.20401
"1n8z_HL_A_SH105T,GH108A,GH109F,FH112V,AH114Y.pdb",-0.64425,-0.98334,-1.4661,-1.19964,-0.43574,-0.94581
"1n8z_HL_A_SH105T,WH107Y,GH108Y,GH109Y,DH110G,GH111L,FH112Y,AH114Y,YH117V.pdb",-1.4273,-0.45438,-2.59657,-2.80546,-3.53363,-2.16347
"1n8z_HL_A_SH105A,GH108R,FH112G,AH114Y,MH115F.pdb",-0.08007,-0.81388,0.29534,-1.28389,-1.82745,-0.74199
"1n8z_HL_A_SH105V,WH107Y,GH109F,FH112S,AH114Y,MH115F,YH117P.pdb",-1.16795,-0.62584,-0.24644,-1.66103,-0.32134,-0.80452
"1n8z_HL_A_SH105A,WH107Y,GH108V,DH110L,FH112G,AH114P,MH115L,DH116G.pdb",-0.04639,-0.08673,0.27696,1.63911,1.04954,0.5665
"1n8z_HL_A_SH105A,GH108Y,GH109Y,DH110Y,FH112Y,YH117V.pdb",-0.795,-1.86159,-2.29897,-2.67529,-1.13325,-1.75282
"1n8z_HL_A_SH105A,GH109Y,DH110Y,FH112N,AH114Y,MH115F.pdb",-1.38204,-1.23076,-0.61846,-1.15505,-2.33237,-1.34374
"1n8z_HL_A_SH105V,DH110Y,FH112Y.pdb",-0.07504,-0.6587,-1.31654,-0.8387,-0.71917,-0.72163
"1n8z_HL_A_SH105A,GH108R,DH110Y,FH112S,YH117V.pdb",0.12355,-0.6333,0.60355,-0.31418,0.49354,0.05463
"1n8z_HL_A_SH105A,GH108W,GH109Y,DH110G,FH112Y,AH114F,MH115F.pdb",-1.62804,-1.29611,-1.26475,-3.46744,-4.78015,-2.4873
"1n8z_HL_A_SH105A,WH107Y,GH109S,DH110S,GH111Y,FH112Y,AH114Y,MH115F.pdb",-1.34374,-1.35411,-1.41736,-2.13918,-3.71408,-1.9937
"1n8z_HL_A_SH105A,WH107H,GH108F,DH110V,GH111A,FH112S,AH114S,MH115F.pdb",0.5374,0.50144,1.411,0.89918,1.88421,1.04665
"1n8z_HL_A_SH105A,WH107Y,DH110Y,FH112G,AH114Y,MH115F.pdb",-0.5834,-1.7243,-0.10023,-0.69776,-1.6476,-0.95066
"1n8z_HL_A_SH105A,RH106K,WH107Y,GH109A,DH110T,FH112W,AH114Y,MH115F.pdb",-0.76184,-1.38613,-1.19063,-1.38301,-3.09883,-1.56409
"1n8z_HL_A_SH105A,WH107Y,GH109Y,DH110Y,FH112P,AH114Y,MH115F.pdb",-1.36462,-1.67221,-1.02594,-1.36123,-1.99188,-1.48318
"1n8z_HL_A_SH105T,WH107Y,GH109Y,DH110G,FH112P,AH114W,MH115F.pdb",-1.52344,-0.05997,-0.19069,-0.68008,-0.75307,-0.64145
"1n8z_HL_A_SH105A,WH107Y,GH108R,DH110V,GH111W,FH112Y,AH114D,MH115F,YH117N.pdb",-1.36697,-0.96783,-2.99029,-2.20659,-4.80093,-2.46652
"1n8z_HL_A_SH105A,WH107Y,GH108L,GH109Q,DH110L,FH112P,AH114Y,MH115F.pdb",-1.11027,-2.2457,-1.07059,-0.90707,-0.72999,-1.21272
"1n8z_HL_A_SH105A,GH108Y,GH109Y,DH110G,GH111Y,FH112Y,AH114W,MH115F,YH117V.pdb",-2.80398,-1.84029,-3.73106,-3.29519,-6.45521,-3.62515
"1n8z_HL_A_SH105A,GH108W,DH110G,FH112A,AH114Y,MH115F.pdb",-0.13737,-0.9074,-0.11633,-2.393,-1.70172,-1.05116
"1n8z_HL_A_SH105A,RH106K,WH107Y,GH108L,DH110Q,GH111E,FH112A,MH115Y,DH116F,YH117S.pdb",-1.27214,-0.50889,-0.57827,-1.50513,-1.69291,-1.11147
"1n8z_HL_A_SH105A,GH108D,GH109S,DH110G,FH112P,AH114Y,MH115F,YH117S.pdb",0.02627,-0.04009,-0.1756,-0.59153,-0.13814,-0.18382
"1n8z_HL_A_SH105A,WH107Y,GH109S,DH110R,GH111Y,FH112Y,AH114Y,MH115F.pdb",-2.53623,-2.00498,-2.76223,-2.36877,-2.74074,-2.48259
"1n8z_HL_A_SH105A,WH107Y,GH109S,DH110G,GH111Y,FH112Y,AH114Y,MH115F.pdb",-1.51967,-1.4071,-1.92966,-2.1643,-3.21107,-2.04636
"1n8z_HL_A_SH105A,GH108L,GH109A,DH110G,GH111Y,FH112N,AH114Y,MH115F,YH117V.pdb",-1.80119,-0.08804,-2.20799,-1.24143,-2.69361,-1.60645
"1n8z_HL_A_SH105A,WH107Y,GH108T,GH109Y,DH110F,FH112S,YH113F,AH114D,MH115F.pdb",-0.95317,-2.49586,-1.13181,-1.06211,-2.00493,-1.52958
"1n8z_HL_A_SH105A,GH108L,GH109R,DH110A,GH111L,FH112G,AH114Y.pdb",-0.27047,-0.26725,-0.56713,-0.54613,-0.32764,-0.39572
"1n8z_HL_A_SH105V,GH108Y,DH110Y,FH112Y,AH114Y.pdb",-1.33429,-0.9206,-2.26224,-2.73257,-1.33242,-1.71642
"1n8z_HL_A_SH105A,GH108Y,GH109Y,DH110G,GH111Y,FH112A,AH114Y.pdb",-1.45834,-0.71789,-2.16683,-2.34052,-2.53847,-1.84441
"1n8z_HL_A_SH105A,WH107Y,GH108W,DH110L,FH112G,AH114Y,MH115F,YH117H.pdb",-0.64735,-2.23565,-1.72965,-3.47914,-1.29966,-1.87829
"1n8z_HL_A_SH105V,WH107Y,GH109F,DH110Y,FH112Y,AH114Y,MH115F.pdb",-1.84397,-2.16653,-2.21212,-2.92229,-4.08631,-2.64624
"1n8z_HL_A_SH105A,GH108L,GH109A,DH110F,FH112Y.pdb",0.15448,-0.29254,-1.06953,-1.60553,0.13094,-0.53644
"1n8z_HL_A_SH105A,RH106K,WH107Y,GH108I,GH109N,DH110A,GH111Y,FH112S,MH115F,DH116F,YH117D.pdb",-0.76287,-0.07617,-2.44159,0.2264,-1.30443,-0.87173
"1n8z_HL_A_SH105A,WH107Y,GH108S,DH110Y,FH112L,AH114P,MH115Y,DH116A.pdb",-0.27843,-0.66576,0.54943,1.09793,0.39403,0.21944
"1n8z_HL_A_SH105A,RH106K,WH107Y,GH108A,GH109Y,DH110Y,FH112D,YH113F,AH114W,MH115G,DH116S,YH117V.pdb",-0.3418,-0.79146,-0.1934,0.34075,-2.10627,-0.61844
"1n8z_HL_A_SH105T,WH107Y,GH108E,GH109Y,DH110Q,GH111D,FH112Y,AH114H,MH115F.pdb",-2.03288,-1.60699,-3.72046,-1.67339,-3.65372,-2.53749
"1n8z_HL_A_TH59S,SH105A,WH107Y,DH110S,GH111Y,FH112A,AH114Y,MH115F,DH116Y.pdb",-2.14562,-1.76605,-1.93779,-0.9445,-2.99194,-1.95718
"1n8z_HL_A_SH105A,GH108Y,DH110Q,GH111V.pdb",-1.60639,-0.8105,-1.59716,-2.36356,-3.10541,-1.8966
"1n8z_HL_A_SH105A,WH107Y,GH108Y,DH110V,FH112P,AH114S,YH117V.pdb",-0.24684,-0.15218,0.30772,0.06647,1.17967,0.23097
"1n8z_HL_A_SH105A,GH109Y,DH110G,FH112Y,AH114Y,MH115F.pdb",-0.43292,-0.96169,-0.59053,-1.95993,-3.35345,-1.4597
"1n8z_HL_A_SH105A,RH106S,WH107Y,GH109L,FH112Y,AH114Y,MH115F,YH117V.pdb",-0.33309,-0.7477,-1.67305,-0.87795,-3.40056,-1.40647
"1n8z_HL_A_SH105A,GH108N,GH109Y,DH110Y,FH112Y,AH114Y,MH115F.pdb",-1.37556,-2.09464,-2.10406,-2.95604,-4.40902,-2.58787
"1n8z_HL_A_SH105A,GH109Y,GH111Y,FH112Y.pdb",-1.81732,-0.77932,-3.47199,-1.66967,-3.04397,-2.15645
"1n8z_HL_A_SH105A,WH107Y,GH108Y,GH109S,DH110Y,FH112Q,MH115F,YH117P.pdb",-0.96427,-0.24295,-1.51724,-1.69692,-1.68633,-1.22154
"1n8z_HL_A_SH105A,WH107Y,DH110G,FH112R,AH114Y,MH115F.pdb",-0.18578,-0.78196,0.99017,-0.3846,-1.4076,-0.35395
"1n8z_HL_A_SH105A,WH107Y,GH108W,GH109Y,DH110G,FH112Y,AH114Y,MH115F.pdb",-1.1624,-1.30706,-1.59283,-3.35241,-5.07238,-2.49742
"1n8z_HL_A_SH105T,GH108L,GH109Y,DH110Y,GH111S,FH112A,AH114Y,MH115F,YH117F.pdb",-2.49705,-2.93958,-3.23706,-4.84783,-6.18334,-3.94097
"1n8z_HL_A_SH105A,WH107Y,GH108A,GH109H,DH110Y,FH112P,AH114Y,MH115F,YH117F.pdb",-1.81837,-1.74668,-0.97977,-1.08116,-1.02709,-1.33062
"1n8z_HL_A_SH105V,WH107Y,GH109S,GH111V,FH112Y,AH114Y,MH115F,YH117I.pdb",-2.34929,-1.08094,-3.18165,-2.96537,-5.84328,-3.08411
"1n8z_HL_A_SH105A,GH108L,GH109T,DH110G,GH111L,FH112S,AH114N,MH115W.pdb",-0.9852,-0.66219,-2.22427,-0.35256,-1.05279,-1.0554
"1n8z_HL_A_SH105A,GH108Y,GH109Y,DH110G,FH112Y.pdb",-0.56063,-1.22822,-0.47299,-2.36794,-2.03989,-1.33393
"1n8z_HL_A_SH105A,WH107Y,GH108Y,DH110Y,FH112Y,AH114Y,MH115F,DH116H.pdb",-1.36721,-2.25412,-2.98732,-2.50624,-4.0751,-2.638
"1n8z_HL_A_SH105A,GH109S,DH110I,FH112Y,MH115F,YH117H.pdb",0.03587,-0.85063,-0.69809,-1.06219,-1.5422,-0.82345
"1n8z_HL_A_SH105A,DH110Y,FH112G,AH114Y,MH115F.pdb",-0.34727,-1.45609,-0.01795,-0.67872,-1.2681,-0.75363
"1n8z_HL_A_SH105A,WH107Y,GH109N,DH110Y,GH111Y,FH112Y,AH114Y,MH115F.pdb",-2.67478,-1.42892,-3.5033,-1.85217,-4.69688,-2.83121
"1n8z_HL_A_SH105A,GH109Y,DH110G,GH111Y,FH112S,AH114Y,MH115F,YH117V.pdb",-1.78314,-0.00888,-1.44942,-1.09594,-2.34926,-1.33733
"1n8z_HL_A_SH105A,WH107Y,GH108T,GH109S,DH110V,FH112I,MH115F,DH116N.pdb",-0.56417,-0.27231,0.30623,0.53682,-0.30409,-0.0595
"1n8z_HL_A_SH105A,GH108P,GH109Y,DH110G,GH111Y,FH112Y,AH114Y.pdb",-1.88944,-0.04655,-2.24994,-1.98893,-2.69728,-1.77443
"1n8z_HL_A_SH105T,GH108N,GH109Y,FH112A,AH114F,MH115F.pdb",-0.6214,-1.43121,-0.91698,-1.98319,-1.96931,-1.38442
"1n8z_HL_A_SH105A,WH107Y,GH108R,DH110R,AH114S,MH115F.pdb",0.27705,-1.29552,-0.4329,-0.32159,-0.35589,-0.42577
"1n8z_HL_A_SH105A,GH108Y,GH109W,DH110Y,FH112A,AH114Y,MH115F.pdb",-1.64405,-2.57766,-2.29526,-3.32071,-4.59096,-2.88573
"1n8z_HL_A_SH105A,GH109Y,DH110Y,FH112Y,AH114W,MH115F.pdb",-1.76606,-2.13831,-1.49175,-1.89056,-4.85981,-2.4293
"1n8z_HL_A_SH105A,WH107H,GH108Y,GH109Y,DH110Y,FH112Y,AH114Y,MH115F,YH117V.pdb",-1.8733,-1.4669,-2.16351,-2.61185,-4.01512,-2.42614
"1n8z_HL_A_SH105A,RH106T,WH107Y,GH108S,GH109T,DH110Y,GH111Y,FH112N,MH115F,DH116G,YH117I.pdb",-1.17518,-0.2974,-1.84442,-0.4882,-2.96251,-1.35354
"1n8z_HL_A_SH105T,WH107Y,GH108L,GH109H,GH111Y,FH112Y,AH114Y,MH115F.pdb",-2.67813,-1.97925,-3.6209,-2.30172,-4.93968,-3.10393
"1n8z_HL_A_SH105V,WH107Y,GH108F,GH109Y,FH112N,AH114Y,MH115F,YH117L.pdb",-2.11884,-0.61964,-1.64007,-2.31801,-3.17576,-1.97446
"1n8z_HL_A_SH105A,WH107F,GH108D,DH110P,GH111F,FH112Y,MH115F,DH116A.pdb",-1.09907,-0.10312,-1.16453,-0.04661,-0.74624,-0.63191
"1n8z_HL_A_SH105A,WH107Y,GH108R,DH110Y,GH111V,FH112L,AH114D,MH115F,DH116A.pdb",-1.77929,-1.87026,-1.7512,-2.05056,-3.65654,-2.22157
"1n8z_HL_A_SH105A,WH107E,GH108N,GH109D,DH110G,GH111S,FH112P,YH113G,AH114S,MH115F,DH116E.pdb",0.33685,0.4367,2.00501,2.38912,2.14523,1.46258
"1n8z_HL_A_SH105A,RH106V,WH107T,GH108D,GH109L,FH112L,YH113H,AH114S,MH115Y,DH116R.pdb",0.04009,0.33971,0.61911,2.13813,0.72045,0.7715
"1n8z_HL_A_SH105T,WH107Y,GH108Y,GH109Y,DH110G,GH111S,FH112G,AH114F,MH115F.pdb",-1.11338,-1.98846,-1.50191,-3.21873,-3.74337,-2.31317
"1n8z_HL_A_SH105A,GH108Y,DH110Y,FH112Y,YH117V.pdb",-0.70605,-1.02797,-1.54698,-1.69906,-0.15868,-1.02775
"1n8z_HL_A_SH105A,GH109Y,DH110G,FH112Y,AH114Y,MH115F,YH117V.pdb",-0.80481,-0.36922,-0.92823,-2.07284,-3.2166,-1.47834
"1n8z_HL_A_SH105A,WH107Y,GH108D,GH109P,DH110Y,AH114H,MH115L.pdb",-1.17813,-1.28109,-1.59141,-1.07027,-1.16877,-1.25793
"1n8z_HL_A_SH105V,WH107Y,GH109Y,DH110G,GH111D,FH112Y,AH114Y,MH115F.pdb",-2.19371,-2.20716,-1.64386,-3.03976,-4.4031,-2.69752
"1n8z_HL_A_SH105T,GH109Y,GH111Y,FH112W,AH114F,MH115F.pdb",-2.66347,-1.88687,-4.30526,-2.88604,-5.9773,-3.54379
"1n8z_HL_A_SH105A,RH106K,WH107Y,DH110V,FH112Y.pdb",0.48426,-0.36939,-0.35411,0.09752,0.00201,-0.02794
"1n8z_HL_A_SH105A,WH107Y,GH108S,GH109A,DH110Y,FH112L,AH114D,MH115F,DH116A.pdb",-1.33005,-1.74876,-1.35021,-0.052,-1.29465,-1.15513
"1n8z_HL_A_SH105A,GH108W,DH110G,FH112Y,AH114Y,MH115F.pdb",-0.25388,-1.9489,-1.20672,-3.76389,-4.44904,-2.32449
"1n8z_HL_A_SH105A,WH107Y,GH108L,GH109T,DH110A,GH111Y,FH112Q,AH114F,MH115F,DH116Y.pdb",-1.88216,-1.40287,-2.94708,-0.74051,-2.81372,-1.95727
"1n8z_HL_A_SH105A,FH112S,AH114Y,MH115F.pdb",-0.41405,-0.88744,0.46172,-0.57312,-1.5329,-0.58916
"1n8z_HL_A_SH105A,WH107Y,DH110R,FH112Y,AH114S,MH115F.pdb",-0.02664,-1.43435,-0.46538,-0.41539,-2.18583,-0.90552
"1n8z_HL_A_SH105A,DH110G,FH112Y,AH114F,MH115F.pdb",-0.17333,-0.48695,0.04402,-0.71748,-2.40549,-0.74785
"1n8z_HL_A_SH105A,GH109Y,GH111Y,FH112Y,AH114Y,MH115F,YH117V.pdb",-2.43557,-1.51475,-3.95607,-2.82923,-6.52249,-3.45162
"1n8z_HL_A_SH105A,RH106A,WH107T,GH108Y,DH110G,GH111L,FH112G,YH113D,AH114M,MH115S,DH116S,YH117I.pdb",1.46125,1.06574,0.40368,2.99302,1.33492,1.45172
"1n8z_HL_A_SH105A,WH107Y,GH109V,DH110Y,GH111P,AH114Y,MH115F.pdb",-2.22846,-3.56874,-1.95851,-3.36039,-4.37476,-3.09817
"1n8z_HL_A_RH106I,GH108E,GH109R,DH110T,FH112Q,AH114S,MH115Y,DH116T,YH117S.pdb",-0.60313,-0.33001,0.04021,0.42892,-0.56395,-0.20559
"1n8z_HL_A_SH105A,GH108E,GH109R,DH110Y,FH112Y,AH114V,MH115L,YH117V.pdb",-1.2443,-0.07572,-1.05487,-1.19259,-3.47948,-1.40939
"1n8z_HL_A_SH105A,GH109Y,DH110G,FH112Y,AH114F,MH115F.pdb",-0.71878,-0.82409,-0.43622,-1.4727,-2.77758,-1.24587
"1n8z_HL_A_SH105A,WH107Y,GH109A,DH110Y,GH111S,FH112S,AH114Y,MH115F,DH116G.pdb",-1.34172,-2.20314,-0.67151,-1.64071,-2.81763,-1.73494
"1n8z_HL_A_SH105A,GH109Y,DH110G,GH111W,FH112S,AH114Y,MH115F.pdb",-1.83932,-0.40803,-1.27824,-1.3758,-3.27581,-1.63544
"1n8z_HL_A_SH105A,GH108R,GH109D,DH110G,FH112Y,AH114Y,MH115F.pdb",-0.52456,-1.46901,-1.0293,-2.44282,-3.99094,-1.89133
"1n8z_HL_A_SH105T,WH107Y,GH108Y,FH112Y,AH114D,MH115F.pdb",-0.75148,-0.59541,-1.94376,-1.56627,-3.59948,-1.69128
"1n8z_HL_A_SH105A,WH107Y,GH108F,GH109Y,GH111H,FH112Y,AH114Y,MH115F,YH117V.pdb",-3.41799,-2.27619,-3.82883,-3.91548,-7.9542,-4.27854
"1n8z_HL_A_SH105A,WH107Y,GH108Y,GH109Y,GH111Y,FH112G,AH114Y,MH115F,YH117V.pdb",-1.2726,-0.15825,-2.30036,-1.26425,-5.39273,-2.07764
"1n8z_HL_A_SH105A,GH109S,DH110Y,FH112Y,AH114Y,MH115F.pdb",-0.61213,-1.98603,-1.20601,-1.20466,-3.85549,-1.77286
"1n8z_HL_A_SH105A,WH107Y,GH108Y,GH109Y,DH110G,GH111V,FH112Y,AH114Y,MH115F.pdb",-2.2036,-2.85767,-2.46711,-4.20734,-6.45102,-3.63735
"1n8z_HL_A_SH105A,WH107H,GH108Y,GH109D,DH110Y,FH112R,AH114Y,YH117V.pdb",-1.32552,-1.04331,-0.69704,-1.00586,1.08323,-0.5977
"1n8z_HL_A_SH105A,DH110F,FH112Y,AH114Y,MH115F.pdb",-1.21351,-2.23891,-1.24246,-1.64052,-3.91566,-2.05021
"1n8z_HL_A_DH110V,FH112K.pdb",0.23225,-0.22805,0.2351,0.22571,0.45739,0.18448
"1n8z_HL_A_SH105A,WH107Y,DH110G,GH111Y,FH112Y,AH114Y,MH115F,YH117V.pdb",-1.18669,-0.97861,-2.91488,-2.82256,-3.89696,-2.35994
"1n8z_HL_A_SH105A,GH108Y,GH109Y,DH110G,GH111S,FH112Y,AH114Y,MH115F,YH117V.pdb",-2.0347,-1.96013,-2.18464,-4.30201,-6.02843,-3.30198
"1n8z_HL_A_SH105A,DH110Y,FH112Y,AH114Y,MH115F,YH117V.pdb",-1.18473,-1.79952,-2.04235,-1.49645,-3.60218,-2.02504
"1n8z_HL_A_SH105A,GH108Y,GH109Y,DH110G,FH112A,AH114Y,MH115F,YH117F.pdb",-1.21906,-1.35398,-0.69681,-3.11471,-3.28713,-1.93434
"1n8z_HL_A_SH105A,GH109S,DH110E,GH111A,AH114W,MH115F.pdb",-0.64168,-0.75487,-0.07961,-0.66281,-1.51253,-0.7303
"1n8z_HL_A_SH105A,RH106P,GH108W,GH109S,DH110G,GH111W,FH112Y,AH114F,MH115F,YH117T.pdb",-1.73119,-0.90175,-4.078,-3.28915,-5.51364,-3.10275
"1n8z_HL_A_SH105A,WH107Y,GH108P,GH109N,DH110Y,AH114M,MH115F.pdb",-0.37436,-1.50099,-0.93333,-0.5614,-1.91881,-1.05778
"1n8z_HL_A_SH105A,GH108V,GH109S,DH110G,GH111A,FH112R,AH114Y,YH117V.pdb",0.8173,0.09571,1.01888,0.44015,1.5688,0.78817
"1n8z_HL_A_SH105A,WH107F,DH110A,FH112G,AH114Y,MH115F.pdb",0.31433,-0.61513,1.28306,0.09401,-0.49017,0.11722
"1n8z_HL_A_SH105T,WH107Y,GH108R,DH110A,GH111H,FH112G,AH114Y,MH115F.pdb",-0.72147,-1.04773,-0.66808,-0.97924,-1.39816,-0.96293
"1n8z_HL_A_SH105A,GH108Y,GH109Y,DH110G,FH112S,AH114Y,MH115F.pdb",-0.71326,-1.05418,0.3047,-2.28177,-2.11611,-1.17212
"1n8z_HL_A_SH105A,WH107Y,GH109D,DH110A,GH111D,MH115F,YH117P.pdb",-0.31304,0.31546,0.11033,0.52867,-0.08538,0.11121
"1n8z_HL_A_SH105A,WH107Y,GH108I,GH109F,DH110G,FH112P,AH114Y,MH115F.pdb",-0.7732,-1.40153,-0.12687,-0.4358,-1.12065,-0.77161
"1n8z_HL_A_GH108E,FH112K.pdb",0.05027,-0.64069,0.04253,-0.4849,0.08636,-0.18929
"1n8z_HL_A_SH105A,WH107Y,GH109D,DH110Y,FH112Y,AH114Y,MH115F.pdb",-0.97121,-2.42998,-2.01563,-1.66672,-3.7207,-2.16085
"1n8z_HL_A_SH105V,WH107Y,GH108P,GH109E,DH110V,GH111Y,FH112G,AH114Y,MH115F.pdb",-1.34536,-0.31593,-1.83388,-1.03126,-2.04137,-1.31356
"1n8z_HL_A_SH105A,RH106N,WH107V,GH109S,DH110S,GH111L,FH112G,YH113I,MH115A,DH116L,YH117D.pdb",1.20325,1.81321,1.10942,1.57277,1.10641,1.36101
"1n8z_HL_A_RH106Y,WH107P,GH108D,GH109F,DH110G,GH111Y,FH112Y,YH113V,AH114Y,MH115F,DH116A.pdb",-1.70515,-0.199,-2.11392,-1.20182,-1.60301,-1.36458
"1n8z_HL_A_SH105A,RH106K,WH107Y,GH108T,GH109R,DH110G,GH111F,FH112S,AH114G,MH115F,DH116G.pdb",-0.92463,-0.39849,-1.17307,1.40228,-2.29486,-0.67776
"1n8z_HL_A_SH105A,DH110S,FH112Y.pdb",0.64254,-0.55512,0.13,-0.36795,0.40958,0.05181
"1n8z_HL_A_SH105A,GH109Y,DH110G,GH111Y,FH112Y,AH114S,MH115F.pdb",-1.58702,-0.38708,-1.91603,-1.61881,-3.64595,-1.83098
"1n8z_HL_A_SH105A,WH107Y,GH109R,DH110N,FH112S,AH114S,MH115Y.pdb",-0.6561,-0.16042,0.57931,0.17302,1.36006,0.25917
"1n8z_HL_A_SH105A,RH106K,WH107F,GH108E,GH109R,DH110G,GH111Y,FH112Y,YH113S,AH114F,MH115D,DH116F,YH117G.pdb",-0.00874,0.65581,-0.7701,0.93572,-1.39725,-0.11691
"1n8z_HL_A_SH105A,GH108E,FH112S,AH114S.pdb",0.13276,-0.31285,0.9437,-0.13378,1.14911,0.35579
"1n8z_HL_A_GH109V,FH112Y.pdb",0.1285,-0.50678,-0.74765,-0.55538,0.37009,-0.26224
"1n8z_HL_A_SH105A,WH107Y,GH109Y,DH110G,GH111Y,FH112Y,AH114Y,MH115F.pdb",-2.11283,-1.55937,-2.74459,-2.49857,-3.97683,-2.57844
"1n8z_HL_A_SH105A,GH108Y,DH110Y,FH112Y,AH114L,MH115F,YH117V.pdb",-1.5205,-1.4036,-2.90211,-2.49594,-2.87196,-2.23882
"1n8z_HL_A_SH105A,WH107Y,GH108Y,GH109W,GH111Y,AH114Y,MH115F.pdb",-2.97198,-2.93281,-4.42685,-3.79699,-7.65806,-4.35734
"1n8z_HL_A_SH105A,WH107Y,GH108P,DH110G,FH112I,AH114D,MH115F,YH117P.pdb",-0.10967,0.13319,0.12999,1.47385,-0.80249,0.16497
"1n8z_HL_A_SH105A,WH107Y,DH110Y,FH112Y,AH114W,MH115F.pdb",-1.40521,-2.13189,-1.16912,-1.04439,-4.21606,-1.99333
"1n8z_HL_A_SH105A,GH108L,GH109R,DH110G,GH111L,FH112G,AH114Y,MH115W.pdb",-0.89593,-1.11184,-1.41685,-1.3473,-1.53058,-1.2605
"1n8z_HL_A_SH105A,WH107Y,GH109D,DH110S,GH111Y,FH112Y,AH114Y,MH115F.pdb",-1.78826,-1.16089,-2.70138,-2.56872,-3.02983,-2.24982
"1n8z_HL_A_SH105A,WH107Y,GH109P,DH110Y,GH111Y,FH112Y.pdb",-1.43409,-0.89898,-2.95706,-1.70215,-2.23095,-1.84464
"1n8z_HL_A_SH105T,WH107Y,GH108Y,DH110G,GH111Y,FH112G,AH114Y,MH115F.pdb",-1.35017,-1.19377,-2.54601,-2.51124,-3.40128,-2.20049
"1n8z_HL_A_SH105A,WH107N,GH108Y,GH109Y,GH111Y,FH112Y,AH114Y,MH115L.pdb",-1.5743,-0.71603,-2.94755,-1.40262,-4.58407,-2.24492
"1n8z_HL_A_SH105V,GH109R,DH110Y,FH112V,AH114Y,MH115F.pdb",-1.93609,-1.46599,-0.77324,-1.80896,-2.24084,-1.64502
"1n8z_HL_A_GH108V,FH112S.pdb",0.45932,-0.30904,0.32323,0.15631,0.56942,0.23985
"1n8z_HL_A_SH105A,WH107Y,DH110Y,FH112N,AH114W,MH115F,YH117T.pdb",-1.24263,-0.80175,-1.58191,-0.44679,-1.24584,-1.06378
"1n8z_HL_A_SH105A,WH107G,GH109Y,DH110G,GH111Y,FH112Y,YH113T,AH114W,MH115F.pdb",-1.58356,-1.3121,-1.67899,-1.92466,-1.45314,-1.59049
"1n8z_HL_A_SH105A,RH106G,WH107S,GH108S,GH109A,DH110S,FH112W,AH114H,MH115Y,DH116T,YH117T.pdb",0.52966,0.29182,0.78763,1.71313,-2.04438,0.25557
"1n8z_HL_A_SH105A,WH107Y,GH109T,DH110G,GH111T,FH112Y,AH114Y,MH115F,DH116L,YH117H.pdb",-1.70447,-2.34005,-1.63489,-2.12629,-5.31957,-2.62506
"1n8z_HL_A_SH105A,GH108E,DH110Y,FH112S,AH114E,MH115F,DH116A.pdb",-0.69977,-0.93774,-0.53966,-0.40973,-0.34858,-0.58709
"1n8z_HL_A_SH105A,WH107Y,GH108Y,GH109Y,GH111F,FH112G,AH114Y,MH115F.pdb",-1.59237,-1.33263,-2.00267,-2.03672,-4.21306,-2.23549
"1n8z_HL_A_SH105A,WH107Y,DH110L,FH112G,AH114T,MH115L,DH116A.pdb",-0.12888,0.2724,0.90604,1.2639,-0.26062,0.41057
"1n8z_HL_A_SH105A,RH106Q,WH107N,GH108W,GH109D,DH110R,FH112S,AH114F,MH115Y,DH116T.pdb",-1.08427,-0.6121,-0.18742,1.13941,-0.52427,-0.25373
"1n8z_HL_A_SH105A,WH107Y,GH109A,DH110R,GH111S,FH112G,MH115Y,DH116E.pdb",-0.61589,-1.58645,0.81174,-0.90398,-1.02836,-0.66459
"1n8z_HL_A_SH105A,WH107N,GH108Y,GH109Y,DH110Y,FH112A,AH114Y,MH115F.pdb",-0.93664,-1.52167,-0.13433,-1.23913,-2.04625,-1.1756
"1n8z_HL_A_SH105A,RH106S,WH107V,GH108D,GH109L,DH110G,AH114D,MH115F,DH116R.pdb",-0.23394,-0.41682,-0.15633,2.15864,0.30193,0.3307
"1n8z_HL_A_SH105A,RH106I,WH107T,GH108F,GH109Y,DH110G,GH111Y,FH112T,YH113I,AH114V,MH115W,DH116E.pdb",-1.24207,0.4616,-1.63973,-0.15317,-1.485,-0.81167
"1n8z_HL_A_SH105A,DH110Y,FH112Y,AH114W,MH115F.pdb",-1.30099,-2.37457,-1.03956,-1.17031,-4.01135,-1.97936
"1n8z_HL_A_SH105A,GH108S,DH110A,GH111S.pdb",-0.33409,-1.06848,-0.085,-0.60751,-0.79042,-0.5771
"1n8z_HL_A_SH105A,GH108Q,DH110R,GH111S,FH112G,AH114Y.pdb",-0.45395,-1.71582,-0.41591,-0.7174,-0.32135,-0.72489
"1n8z_HL_A_SH105A,GH108L,GH109D,DH110Y,GH111F,FH112Y.pdb",-2.21072,-1.36029,-3.43513,-2.01558,-2.76976,-2.3583
"1n8z_HL_A_SH105A,GH108H,GH109Y,GH111V,FH112G,YH113F,AH114Y,MH115F.pdb",-1.37529,-1.57815,-0.91399,-2.70264,-4.42603,-2.19922
"1n8z_HL_A_SH105A,WH107Y,GH109Y,GH111Y,FH112Y,AH114Y,MH115F,YH117V.pdb",-2.50636,-2.03506,-4.69421,-2.88768,-5.90065,-3.60479
"1n8z_HL_A_SH105A,WH107F,GH109P,DH110A,GH111Y,AH114G,MH115F,DH116Y.pdb",-1.25516,-0.37716,-0.91346,-1.41334,-1.2276,-1.03734
"1n8z_HL_A_SH105A,WH107Y,GH108M,GH109R,DH110P,GH111A,AH114P,MH115F,DH116L.pdb",-1.13418,-0.28185,0.29531,0.39183,-1.21952,-0.38968
"1n8z_HL_A_SH105A,GH109S,DH110G,GH111N,FH112Y,AH114E,MH115F.pdb",-0.4931,-0.28206,-0.48545,-0.08675,-1.43572,-0.55662
"1n8z_HL_A_SH105A,RH106S,WH107Y,GH109S,DH110G,GH111S,FH112Y,YH113F,AH114S,MH115F,DH116P,YH117L.pdb",-0.59741,-1.71562,0.66098,0.59717,-3.13305,-0.83759
"1n8z_HL_A_SH105A,WH107Y,GH109Y,DH110G,GH111A,FH112Y,AH114Y,MH115F.pdb",-1.14152,-1.46525,-0.70979,-2.09604,-3.65098,-1.81272
"1n8z_HL_A_SH105T,WH107Y,GH108Y,GH109S,DH110G,GH111H,FH112Y,AH114S,MH115F.pdb",-1.45437,-1.68147,-2.73165,-2.39048,-4.39539,-2.53067
"1n8z_HL_A_SH105A,WH107Y,GH111Y,FH112Y,AH114Y,MH115Y.pdb",-1.27597,-1.6785,-2.39924,-2.402,-4.1513,-2.3814
"1n8z_HL_A_SH105A,WH107Y,DH110G,GH111Y,FH112Y,AH114Y,MH115Y.pdb",-1.01385,-1.16265,-1.72192,-2.36903,-3.88751,-2.03099
"1n8z_HL_A_SH105T,WH107Y,GH109S,DH110F,FH112Y,MH115L,YH117S.pdb",-0.79981,0.26339,-1.18503,-1.13208,-0.83648,-0.738
"1n8z_HL_A_SH105A,WH107Y,DH110L,GH111S,FH112Y,AH114S,MH115F,YH117L.pdb",-0.97473,-2.31793,-1.75375,-2.32424,-3.16649,-2.10743
"1n8z_HL_A_SH105T,WH107Y,GH108F,DH110A,GH111Y,FH112W,AH114W.pdb",-1.3563,-0.43981,-3.96869,-2.54753,-1.91998,-2.04646
"1n8z_HL_A_SH105A,RH106K,WH107F,GH108H,GH109W,DH110G,GH111E,FH112D,YH113W,AH114L,MH115S,YH117N.pdb",-1.38422,-0.39781,-0.61733,-0.12154,-1.34694,-0.77357
"1n8z_HL_A_SH105A,RH106G,WH107S,GH108V,GH109A,DH110E,FH112W,AH114H,MH115Y,DH116R,YH117D.pdb",-0.42025,-1.19813,-0.91211,0.69116,-2.79364,-0.92659
"1n8z_HL_A_SH105A,WH107Y,GH108Y,DH110S,GH111S,FH112S,AH114Y,MH115F,DH116A.pdb",-0.81077,-1.70708,-0.6354,-1.6712,-2.74357,-1.5136
"1n8z_HL_A_SH105A,WH107S,GH109Y,DH110P,FH112Y,YH113G,AH114S,MH115F,DH116A.pdb",1.02149,0.28928,1.88228,0.49279,1.31493,1.00015
"1n8z_HL_A_SH105A,WH107T,GH108V,GH109V,DH110G,GH111W,FH112Y,YH113G,AH114R,MH115F.pdb",-0.21017,0.18087,-1.04962,-0.59048,0.03991,-0.3259
"1n8z_HL_A_SH105A,WH107N,GH108S,DH110T,FH112I,YH113W,MH115F,DH116A.pdb",0.12474,0.29616,1.11355,1.84545,0.25757,0.72749
"1n8z_HL_A_SH105A,DH110T,GH111Y,FH112Y.pdb",-1.54066,-0.46593,-2.5625,-1.66117,-1.35963,-1.51798
"1n8z_HL_A_SH105A,GH108P,GH109P,DH110Y,GH111Y,FH112W,YH113W,MH115F.pdb",-1.54023,-0.47199,-2.39738,-0.51161,-3.38796,-1.66183
"1n8z_HL_A_SH105A,GH109N,DH110V,FH112Y,AH114V,MH115L.pdb",0.20838,0.12199,0.67653,-0.64181,-0.58459,-0.0439
"1n8z_HL_A_SH105A,WH107A,DH110T,GH111S,FH112I,YH113S,AH114L,MH115G,DH116H,YH117G.pdb",0.94751,0.73096,3.42542,1.64265,1.40235,1.62978
"1n8z_HL_A_SH105A,WH107Y,GH109D,DH110A,GH111F,FH112I,YH113M,AH114S,MH115F,DH116G,YH117V.pdb",-0.05673,0.88128,1.3611,1.28698,-0.29985,0.63456
"1n8z_HL_A_SH105A,RH106P,GH109T,DH110Y,GH111R,FH112Y,YH113G,AH114Y,MH115F,YH117H.pdb",-1.44655,-2.44535,-1.85122,-2.17904,-3.74964,-2.33436
"1n8z_HL_A_SH105A,RH106V,WH107Y,GH109P,DH110Y,FH112G,YH113F,AH114S,MH115Y,YH117S.pdb",0.38159,0.62917,-0.15474,1.5011,0.21622,0.51467
"1n8z_HL_A_SH105A,GH108Y,GH109Y,DH110G,GH111T,FH112S,AH114Y,MH115F,YH117V.pdb",-1.86049,-2.12602,-1.13657,-3.39503,-3.82088,-2.4678
"1n8z_HL_A_SH105V,RH106Y,WH107Y,GH108Y,GH109E,DH110A,FH112S,AH114Y,MH115F,YH117G.pdb",-0.75556,-1.23401,-1.61329,-1.59377,-2.85749,-1.61082
"1n8z_HL_A_SH105A,RH106I,GH108S,GH109M,DH110Y,GH111D,FH112V,YH113G,AH114Y,MH115Y,DH116P,YH117F.pdb",-0.95751,-1.74334,-0.24736,-0.15511,-2.77023,-1.17471
"1n8z_HL_A_SH105A,WH107Y,GH109L,DH110Y,FH112S,AH114Y,MH115F,DH116R.pdb",-1.18234,-2.24374,0.28381,-0.46854,-0.75937,-0.87404
"1n8z_HL_A_SH105A,WH107Y,DH110S,GH111S,FH112Y,AH114Y,MH115Y.pdb",-0.86344,-2.31034,-0.62184,-1.81208,-4.23865,-1.96927
"1n8z_HL_A_SH105A,GH108Y,GH109S,DH110G,GH111Y,FH112Y.pdb",-1.02762,-0.88448,-2.45211,-2.54866,-2.84059,-1.95069
"1n8z_HL_A_SH105A,WH107Y,GH108L,GH109T,GH111A,FH112D,YH113F,AH114R,MH115L,DH116H.pdb",-0.22581,-0.94046,-0.09741,0.81259,-0.06019,-0.10226
"1n8z_HL_A_SH105A,RH106Q,GH108Y,GH109D,DH110Y,FH112G,YH113T,AH114Y,MH115L.pdb",-0.66532,-1.64538,-0.70109,0.04845,-2.09755,-1.01218
"1n8z_HL_A_SH105T,GH108R,GH109W,DH110G,GH111Y,FH112G,AH114Y,MH115F,YH117F.pdb",-1.98381,-1.96875,-3.05232,-3.4239,-5.17762,-3.12128
"1n8z_HL_A_SH105A,WH107Y,GH108Y,DH110G,FH112G,AH114Y.pdb",0.02166,-0.83218,-0.65197,-1.13028,-0.00268,-0.51909
"1n8z_HL_A_WH107Y,GH109R,DH110G,GH111V,FH112Y,AH114Y,MH115F.pdb",-1.46492,-2.04467,-1.23551,-2.72509,-3.68065,-2.23017
"1n8z_HL_A_SH105T,WH107Y,GH108S,GH109R,DH110S,GH111Y,FH112Y,AH114G,MH115L,YH117P.pdb",-1.55915,0.7687,-1.96158,-0.53475,-3.08207,-1.27377
"1n8z_HL_A_SH105A,WH107P,GH108S,GH109Y,GH111V,FH112G,YH113G,AH114D,DH116L,YH117F.pdb",0.09946,-0.18998,0.24898,0.29808,0.52271,0.19585
"1n8z_HL_A_SH105A,WH107Y,GH108V,GH109T,DH110A,GH111N,FH112T,AH114S,MH115Y,YH117P.pdb",-0.98416,0.74345,-1.83351,0.43855,-0.19344,-0.36582
"1n8z_HL_A_SH105A,GH109T,DH110Y,GH111T,FH112Y,YH113G,AH114Y,MH115F.pdb",-0.94681,-1.89479,-0.55174,-1.59665,-2.98601,-1.5952
"1n8z_HL_A_SH105A,GH108A,GH109R,DH110G,GH111A,FH112G,AH114Y,MH115W.pdb",0.06165,-0.22611,1.24701,-0.52411,0.16915,0.14552
"1n8z_HL_A_SH105A,WH107Y,GH108P,GH109S,DH110G,GH111Y,FH112Y,AH114Y,MH115F.pdb",-1.48955,-1.09533,-2.18127,-1.69381,-3.94232,-2.08045
"1n8z_HL_A_SH105A,WH107Y,DH110S,GH111S,FH112Y,AH114Y,MH115F.pdb",-0.70426,-2.35132,-0.25528,-2.09148,-4.57091,-1.99465
"1n8z_HL_A_SH105A,WH107Y,GH109D,DH110G,GH111T,FH112Y,AH114F,MH115F,DH116A,YH117H.pdb",-1.15392,-1.05909,-0.9172,-1.03619,-4.72516,-1.77831
"1n8z_HL_A_SH105A,RH106K,WH107Y,GH108D,GH109T,DH110A,FH112S,AH114H,MH115F,YH117V.pdb",-0.78023,-0.59774,-0.68746,0.60936,-0.2793,-0.34707
"1n8z_HL_A_SH105A,RH106F,WH107A,GH108D,GH109S,DH110G,GH111A,FH112Y,YH113G,AH114I,MH115W,DH116S,YH117F.pdb",0.59572,-0.4688,1.45211,1.92477,-0.56783,0.58719
"1n8z_HL_A_SH105A,WH107Y,GH108D,GH109Y,DH110Y,FH112Y,AH114Y,MH115F.pdb",-1.27598,-1.40274,-2.56427,-2.97037,-4.4398,-2.53063
"1n8z_HL_A_SH105A,WH107S,GH108Y,GH109A,DH110Y,GH111L,FH112Y,YH113G,AH114S,MH115W.pdb",-0.26779,0.83355,-0.86264,-0.49073,0.58141,-0.04124
"1n8z_HL_A_SH105A,WH107D,DH110R,GH111S,FH112Y,AH114S,MH115F,DH116Y.pdb",-0.87932,-0.23435,-0.10139,0.18932,-0.74512,-0.35417
"1n8z_HL_A_SH105T,WH107N,GH108V,GH109V,DH110N,GH111L,FH112Y,AH114S,MH115Y,YH117S.pdb",-1.18361,0.51667,-2.25306,0.84747,-0.51938,-0.51838
"1n8z_HL_A_SH105A,WH107Y,GH108Y,GH109S,DH110Y,FH112G,AH114Y,MH115F.pdb",-0.81006,-1.30817,-0.81808,-2.15653,-1.62961,-1.34449
"1n8z_HL_A_SH105A,WH107N,GH109Y,DH110Y,FH112G,MH115F.pdb",0.14692,-0.12553,1.71494,0.97449,0.14725,0.57161
"1n8z_HL_A_SH105V,RH106L,WH107S,GH108R,GH109I,DH110V,GH111V,FH112S,AH114F,MH115Y.pdb",-1.34365,-1.37282,-0.15327,-0.0934,-2.27324,-1.04727
"1n8z_HL_A_TH59S,SH105A,WH107Y,GH108Y,DH110G,GH111S,FH112M,AH114Y,MH115Y,DH116G.pdb",-1.3526,-1.94364,-1.31913,-1.59937,-2.58172,-1.75929
"1n8z_HL_A_WH107I,GH108R,GH109R,DH110W,AH114Y,MH115F.pdb",-1.11757,-0.74347,-1.92237,-2.31021,-3.01618,-1.82196
"1n8z_HL_A_SH105A,WH107G,GH108F,GH109V,DH110Y,GH111A,FH112G,YH113I,AH114P,MH115F.pdb",0.25345,0.06972,0.2535,0.17955,0.7167,0.29459
"1n8z_HL_A_SH105A,WH107Y,GH108Y,GH109S,GH111Y,FH112S,AH114T,MH115F,DH116S.pdb",-1.4693,-0.30195,-1.96575,-0.52268,-1.87236,-1.22641
"1n8z_HL_A_SH105A,GH108W,GH109Y,DH110G,FH112R,YH113N,AH114Y,MH115F,YH117I.pdb",-1.24358,-1.20473,-0.80978,-2.64087,-2.48314,-1.67642
"1n8z_HL_A_SH105T,WH107S,GH109E,DH110L,GH111Y,FH112G,AH114F,MH115H,YH117M.pdb",-1.48745,0.0431,-1.6687,-0.99176,-1.19822,-1.06061
"1n8z_HL_A_SH105A,GH108A,GH109T,DH110A,GH111L,FH112G,AH114Y,MH115W.pdb",-0.78292,-1.36128,-1.43376,-0.65687,-1.95423,-1.23781
"1n8z_HL_A_SH105A,DH110Y,FH112W,AH114G,MH115F.pdb",-0.37112,-0.5424,-0.66645,-0.53867,-2.09403,-0.84253
"1n8z_HL_A_SH105A,WH107D,DH110G,MH115Y.pdb",0.57206,0.2451,1.71085,2.13057,1.72223,1.27616
"1n8z_HL_A_SH105A,WH107F,GH108S,DH110Y,FH112A,AH114D,MH115Y,DH116A.pdb",-0.99918,-1.00002,-1.12814,-0.05776,-1.21187,-0.87939
"1n8z_HL_A_SH105A,WH107D,GH109Y,DH110P,GH111Q,FH112Y,YH113G,AH114G,MH115Y,DH116G.pdb",-0.633,-0.00897,-0.23811,1.04761,1.2275,0.279
"1n8z_HL_A_SH105A,WH107Y,GH109R,FH112S,AH114Y,MH115F.pdb",-0.95538,-1.55286,0.4367,-0.78317,-0.11042,-0.59303
"1n8z_HL_A_SH105A,RH106G,WH107Y,GH108E,DH110Y,FH112L,AH114P,MH115F,DH116A.pdb",-0.68429,-1.03277,-0.7681,1.01549,-0.10561,-0.31506
"1n8z_HL_A_SH105A,RH106T,WH107Y,GH108Y,DH110P,GH111Y,FH112Y.pdb",-1.01581,-0.45759,-2.43337,-1.00752,-1.77884,-1.33863
"1n8z_HL_A_SH105A,WH107S,GH108N,GH109Y,DH110Y,GH111Y,FH112G,YH113S,AH114G,MH115F,DH116A.pdb",0.34875,0.61377,0.08604,1.02503,0.51692,0.5181
"1n8z_HL_A_DH110E,FH112Y,YH113H.pdb",0.62929,-0.29692,0.77034,0.13924,0.91789,0.43197
"1n8z_HL_A_SH105V,WH107L,GH109D,DH110Y,FH112G.pdb",0.5802,-0.11624,0.67282,0.5574,1.38043,0.61492
"1n8z_HL_A_SH105A,GH108W,GH109T,DH110P,GH111A,FH112N,AH114P,MH115F,DH116L.pdb",-1.25203,-0.75159,-1.00575,-1.69609,-2.2792,-1.39693
"1n8z_HL_A_YH57D,TH59A,SH105A,WH107V,DH110R,FH112Y,AH114Y,MH115Y.pdb",0.02808,-1.15289,0.89644,0.70191,-1.0245,-0.11019
"1n8z_HL_A_SH105A,WH107S,GH108H,GH109I,DH110G,GH111Y,FH112Y,YH113G,AH114Q,MH115V,DH116A,YH117L.pdb",0.10159,0.401,1.05501,0.26097,-1.13105,0.1375
"1n8z_HL_A_SH105A,RH106S,WH107Y,GH108Y,GH109A,DH110P,FH112S,AH114G,MH115F,YH117P.pdb",0.34953,0.00834,-0.55492,0.68543,-0.9314,-0.0886
"1n8z_HL_A_SH105A,WH107Y,GH109L,DH110N,GH111H,FH112Y,AH114V,MH115Y,DH116P.pdb",-1.95086,-1.44706,-0.92183,-1.16034,-1.48134,-1.39229
"1n8z_HL_A_SH105A,WH107S,GH108Y,GH109F,DH110R,GH111F,FH112T,YH113G,AH114D,MH115F,DH116F.pdb",-1.24004,-0.38511,-1.06336,-1.36624,0.4302,-0.72491
"1n8z_HL_A_SH105A,GH108W,DH110Y,FH112Y,AH114Y,MH115F,DH116A.pdb",-1.19728,-1.32835,-1.62483,-3.13657,-3.72691,-2.20279
"1n8z_HL_A_WH107Y,GH108Y,GH109D,DH110Y,GH111N,FH112Y,AH114F.pdb",-2.05328,-0.71628,-4.28413,-2.60663,-3.51691,-2.63544
"1n8z_HL_A_SH105A,WH107D,DH110S,GH111S,FH112S,AH114S,MH115Y,DH116S.pdb",-0.17754,-0.91235,1.98314,2.07344,0.81593,0.75652
"1n8z_HL_A_SH105A,WH107T,GH108T,GH109S,DH110S,GH111I,FH112P,YH113S,AH114S,MH115F.pdb",0.0164,0.4566,1.18971,1.21154,-0.12688,0.54947
"1n8z_HL_A_SH105A,WH107Y,GH108R,GH109Y,DH110G,GH111Y,FH112Y,AH114Y,YH117V.pdb",-1.99645,-0.77564,-2.71894,-2.55282,-3.03017,-2.2148
"1n8z_HL_A_SH105A,WH107Y,GH109S,DH110L,GH111T,FH112Y,DH116H.pdb",-0.85244,-1.36329,-1.25222,-1.95838,-2.96246,-1.67776
"1n8z_HL_A_SH105A,WH107Y,GH108Y,GH109Y,DH110L,GH111D,FH112Y,AH114Y,MH115F.pdb",-2.18453,-2.92277,-3.50187,-3.05083,-7.5539,-3.84278
"1n8z_HL_A_SH105A,WH107D,GH109Y,DH110P,GH111F,FH112Y,YH113S,AH114G.pdb",-0.83975,-0.25855,-1.18331,-0.70988,-0.53366,-0.70503
"1n8z_HL_A_SH105A,RH106T,WH107S,GH109S,DH110V,GH111D,FH112R,AH114D,MH115Y,DH116V.pdb",-0.19053,-0.17449,0.77255,1.35239,-0.8062,0.19075
"1n8z_HL_A_SH105A,WH107Y,GH108N,GH109P,DH110F,GH111D,FH112G,YH113F,AH114Y,MH115F,YH117V.pdb",-2.1132,-1.94278,-1.02148,-1.29278,-0.67562,-1.40917
"1n8z_HL_A_SH105A,WH107S,GH108S,DH110Y,GH111Y,FH112Y,AH114G,MH115F,DH116V.pdb",-1.93127,-1.34205,-2.25184,-0.87639,-2.05437,-1.69118
"1n8z_HL_A_YH57D,TH59A,NH62D,SH105A,WH107E,DH110Y,FH112Y.pdb",-0.09517,-1.04641,0.4748,-0.18606,-0.40857,-0.25228
"1n8z_HL_A_SH105A,WH107G,GH108Y,GH109Y,DH110Q,GH111D,FH112S,YH113Q,AH114S,MH115W,DH116G.pdb",-0.2729,-0.55799,1.0436,-0.93222,-0.34151,-0.21221
"1n8z_HL_A_SH105A,WH107V,DH110Y,FH112Y,AH114S,MH115Y.pdb",0.41767,-0.85227,0.09725,0.64259,-0.4622,-0.03139
"1n8z_HL_A_SH105A,RH106S,WH107S,GH109R,DH110L,GH111D,FH112L,AH114D,MH115F,DH116R,YH117L.pdb",-0.79192,-1.60236,0.12718,0.36825,-2.19515,-0.8188
"1n8z_HL_A_SH105A,RH106T,WH107G,GH108Y,DH110Y,GH111L,FH112L,AH114S,MH115D,DH116H,YH117D.pdb",-0.50301,-0.91096,-1.45651,0.49592,-2.61634,-0.99818
"1n8z_HL_A_SH105A,RH106T,WH107G,GH108S,DH110G,FH112G,YH113F,AH114S,MH115Y,DH116G.pdb",1.10322,1.02389,1.40366,3.05476,0.56028,1.42916
"1n8z_HL_A_SH105A,RH106Q,WH107Y,GH109R,DH110G,FH112Y,YH113W,AH114Y,MH115F.pdb",-0.87121,-1.88794,-0.48198,-0.85313,-3.67645,-1.55414
"1n8z_HL_A_SH105A,WH107S,GH108Y,GH109A,DH110F,GH111L,FH112Y,YH113G,AH114R.pdb",-0.52618,0.48087,-0.97013,-0.10991,1.15949,0.00683
"1n8z_HL_A_SH105A,WH107Y,GH108S,GH109Y,DH110Y,FH112G,YH113G,MH115F.pdb",0.20612,-0.73962,0.96974,0.45,0.29446,0.23614
"1n8z_HL_A_TH37Y,TH59S,NH62R,SH105A,WH107H,GH109S,DH110E,FH112R,AH114T,YH117V.pdb",-1.82715,-0.96518,0.65593,-0.42488,1.16525,-0.27921
"1n8z_HL_A_SH105A,WH107D,GH108S,GH109P,DH110Y,GH111Y,FH112G,YH113S,AH114L,MH115Y,DH116L.pdb",-0.95734,-0.00255,-0.6349,0.25081,-0.41997,-0.35279
"1n8z_HL_A_TH59A,SH105A,WH107E,DH110V,FH112Y,AH114S,MH115F,DH116A.pdb",-0.03715,-0.10265,1.10068,0.34866,-1.47874,-0.03384
"1n8z_HL_A_WH107Y,GH108S,GH109Y,DH110S,FH112G,YH113H,MH115F,DH116A.pdb",0.55158,0.12814,1.04533,0.03442,-1.36223,0.07945
"1n8z_HL_A_SH105A,GH108Y,DH110L,FH112S,AH114G,MH115L,DH116T.pdb",0.16203,0.16335,0.3035,-0.06282,0.2877,0.17075
"1n8z_HL_A_IH30V,KH35S,DH36S,TH37S,TH59E,YH64S,WH107Y,GH108S,GH109Y,DH110Y,FH112G,MH115F.pdb",-0.23174,0.68871,0.32849,-0.36508,-1.72547,-0.26102
"1n8z_HL_A_SH105A,GH108E,GH109Q,DH110A,GH111S,FH112V,YH113G,AH114S,MH115F,DH116G.pdb",0.83242,-0.90846,1.77444,0.74098,0.29642,0.54716
"1n8z_HL_A_SH105A,WH107S,DH110Y,GH111Y,FH112H,AH114G,MH115F,DH116V.pdb",-2.03498,-1.10321,-1.17499,-1.42908,-0.95036,-1.33853
"1n8z_HL_A_TH59S,SH105A,WH107S,GH108S,DH110Y,GH111Y,FH112S,AH114S,MH115Y.pdb",-1.50019,-0.42436,-0.60397,0.75731,0.09816,-0.33461
"1n8z_HL_A_SH105A,GH108R,GH109Y,DH110G,FH112A,AH114Q,MH115F,DH116A,YH117L.pdb",0.24518,-0.76759,0.04261,-0.38113,-1.19145,-0.41048
"1n8z_HL_A_GH109T,FH112V.pdb",0.39161,-0.33821,-0.02835,0.37408,0.19593,0.11901
"1n8z_HL_A_SH105A,WH107D,DH110M,GH111Y,FH112R,AH114G,MH115L,DH116Y,YH117G.pdb",-1.06996,1.00693,-1.12649,0.13386,-0.18909,-0.24895
"1n8z_HL_A_GH108D,FH112N.pdb",0.23321,-0.21582,-0.29926,0.13982,0.44142,0.05987
"1n8z_HL_A_SH105A,WH107Y,DH110G,GH111P,FH112S,AH114R,MH115L,DH116S.pdb",0.17551,0.01949,1.46939,1.09182,0.29907,0.61106
"1n8z_HL_A_SH105A,GH108S,DH110G,GH111S,FH112L,MH115L.pdb",-0.29849,-0.31746,0.24788,-0.12939,-0.35205,-0.1699
"1n8z_HL_A_WH107K,AH114G.pdb",0.82673,0.3767,1.33169,0.73667,1.3233,0.91902
"1n8z_HL_A_SH105A,WH107G,GH108H,GH109Y,DH110S,GH111L,FH112G,AH114S,MH115F,YH117F.pdb",-1.35624,-0.36545,-1.20012,0.23394,-0.036,-0.54478
"1n8z_HL_A_WH107R,GH111Y.pdb",-0.3587,0.04882,-1.39592,-0.69911,0.14183,-0.45262
"1n8z_HL_A_SH105A,WH107D,DH110I,GH111A,FH112Y,AH114Y,MH115F,DH116A.pdb",-0.45511,-0.81114,0.68192,0.02896,-1.81737,-0.47455
"1n8z_HL_A_SH105A,WH107Y,DH110R,GH111S,FH112S,AH114Y,MH115F.pdb",-1.37474,-2.49987,-0.25419,-1.56315,-1.26779,-1.39195
"1n8z_HL_A_WH107S,GH111Q.pdb",-0.20643,-0.44137,-1.23977,0.59884,1.17017,-0.02371
"1n8z_HL_A_YH57D,TH59E,SH105A,WH107V,DH110Y,FH112Y,AH114Y,MH115Y.pdb",-0.76148,-1.49853,0.13875,-0.43135,-2.31608,-0.97374
"1n8z_HL_A_SH105A,WH107D,GH109I,DH110Y,FH112Y,YH113G,AH114G,MH115F,DH116A.pdb",0.09999,0.11374,1.13371,0.62984,-0.13865,0.36773
"1n8z_HL_A_SH105A,WH107D,GH108V,GH109Y,DH110V,FH112S,YH113P,AH114V,MH115F.pdb",0.17407,0.4985,0.78221,1.31166,1.47816,0.84892
"1n8z_HL_A_SH105A,WH107S,GH108N,GH109N,DH110W,GH111Y,FH112S,AH114S,MH115F,DH116Q,YH117F.pdb",-0.67383,0.30806,-0.5396,1.46331,-1.72669,-0.23375
"1n8z_HL_A_GH109A,YH113T.pdb",0.64847,0.4285,1.1831,0.76742,1.57864,0.92123
"1n8z_HL_A_SH105A,RH106Y,WH107M,GH109S,DH110H,GH111T,FH112I,AH114S,MH115F,DH116E,YH117H.pdb",-1.29978,-1.3313,-1.69504,-2.02335,-2.39821,-1.74954
"1n8z_HL_A_GH109L,FH112V.pdb",0.37863,-0.40918,-0.27143,0.39716,0.5589,0.13082
"1n8z_HL_A_SH105A,WH107S,DH110G,GH111S,FH112Y,AH114Y,MH115Y.pdb",-0.07797,-1.5712,0.89313,-0.71617,-2.27957,-0.75035
"1n8z_HL_A_YH113T,AH114F.pdb",0.0322,0.13295,0.31873,0.00132,0.6757,0.23218
"1n8z_HL_A_SH105A,RH106T,WH107S,GH109T,DH110A,GH111S,FH112W,YH113Q,AH114H,MH115Y,DH116G,YH117V.pdb",-0.24233,-0.92646,1.42579,0.03103,-1.52292,-0.24698
"1n8z_HL_A_SH105A,WH107L,GH109A,DH110S,GH111H,FH112G,AH114L,MH115Y,YH117D.pdb",-0.75992,0.24266,0.25395,0.19698,-0.30456,-0.07418
"1n8z_HL_A_SH105A,WH107S,GH108T,DH110S,AH114S,MH115Y.pdb",0.70464,-0.15345,1.68104,1.63662,2.32724,1.23922
"1n8z_HL_A_SH105A,WH107S,DH110Y,GH111Y,FH112T,AH114G,MH115F.pdb",-0.95655,-0.65689,-0.9644,-0.33504,0.12599,-0.55738
"1n8z_HL_A_TH59S,SH105A,WH107S,GH109Y,DH110Y,GH111Y,FH112S,AH114S,MH115F.pdb",-1.67432,-1.35421,-1.40639,-0.22635,-2.32755,-1.39776
"1n8z_HL_A_SH105T,WH107Y,GH108S,GH109Y,DH110Y,FH112Y,YH113H.pdb",-0.89893,-0.86088,-1.32679,-1.8478,-1.6432,-1.31552
"1n8z_HL_A_SH105A,WH107D,GH108Y,GH109D,DH110F,FH112L,YH113S,AH114V,MH115G,DH116A,YH117V.pdb",0.98208,0.653,1.99006,2.47918,1.99982,1.62083
"1n8z_HL_A_WH107Y,GH108S,GH109Y,DH110S,FH112G,YH113G,AH114S,MH115F.pdb",1.54724,0.17918,1.26534,1.16565,-0.55418,0.72065
"1n8z_HL_A_SH105A,WH107D,DH110G,FH112V,MH115F,DH116T.pdb",1.00657,0.88038,2.29595,2.83387,1.49853,1.70306
"1n8z_HL_A_SH105A,WH107Y,GH108S,GH111S,FH112Y,AH114Y,MH115Y.pdb",-0.71579,-1.33134,-1.12263,-1.02782,-3.58094,-1.5557
"1n8z_HL_A_SH105A,WH107Y,GH108H,GH109Y,DH110R,GH111T,FH112I,YH113G,AH114S,MH115F,DH116G.pdb",-0.75132,-1.50067,0.08446,-0.66131,-2.24671,-1.01511
"1n8z_HL_A_SH105A,RH106W,WH107A,GH108S,DH110Y,FH112G,AH114G.pdb",0.65412,0.29825,0.30753,1.0918,0.08574,0.48749
"1n8z_HL_A_SH105A,WH107Y,GH108R,GH109D,DH110G,GH111Y,FH112D,AH114Y,MH115F.pdb",-1.7876,-1.05341,-1.63928,-0.98238,-3.08922,-1.71038
"1n8z_HL_A_YH113Q,AH114H.pdb",0.18807,0.04698,0.68532,0.21427,0.46883,0.32069
"1n8z_HL_A_YH38W,YH57D,TH59A,SH105A,WH107V,DH110R,FH112Y,AH114Y,MH115Y.pdb",-0.50072,-1.23551,0.48741,0.17721,-1.34828,-0.48398
"1n8z_HL_A_SH105A,WH107D,DH110R,FH112R.pdb",0.36272,0.39696,1.11428,1.27394,2.75835,1.18125
"1n8z_HL_A_SH105A,WH107Y,GH108S,DH110S,GH111S,FH112Y,AH114Y,MH115Y.pdb",-0.47207,-1.66972,-0.90333,-0.88653,-3.34674,-1.45568
"1n8z_HL_A_SH105A,WH107Y,DH110S,GH111S,FH112N,AH114Y,MH115Y.pdb",-0.99747,-1.92219,0.49364,-1.01518,-1.97762,-1.08377
"1n8z_HL_A_SH105A,RH106T,WH107G,GH108L,GH109S,DH110P,GH111S,FH112G,YH113S,AH114N,MH115G,DH116P.pdb",1.37113,1.09961,2.42339,3.25559,0.32749,1.69544
"1n8z_HL_A_SH105V,WH107S,GH109Y,GH111Y,FH112Y,YH113S,AH114W,MH115F,DH116A.pdb",-1.45064,-0.69066,-1.83791,-1.45477,-1.80908,-1.44861
"1n8z_HL_A_TH59A,SH105A,RH106S,WH107S,DH110G,GH111Y,FH112S,AH114Y,MH115Y,DH116T.pdb",-0.73276,0.89266,0.34945,1.28224,-0.67893,0.22253
"1n8z_HL_A_SH105A,WH107Y,GH108S,GH109Y,DH110Y,FH112G,YH113G,AH114Y,MH115F.pdb",-0.21116,-1.38003,0.75686,-0.01579,-0.79902,-0.32983
"1n8z_HL_A_SH105A,WH107S,GH108Y,DH110S,FH112S,AH114S,MH115F.pdb",0.97725,0.08973,2.12162,1.77448,1.82127,1.35687
"1n8z_HL_A_SH105A,WH107G,GH108Y,GH109A,DH110Y,GH111Y,FH112V,YH113A,AH114G,MH115R,DH116E.pdb",0.08098,0.13106,0.49944,1.13737,0.99474,0.56872
"1n8z_HL_A_WH107Y,GH108S,GH109Y,DH110Y,FH112G,YH113G,AH114G,MH115F.pdb",0.48698,-0.22176,1.09541,0.66819,-0.11336,0.38309
"1n8z_HL_A_NH62S,SH105A,RH106S,WH107D,DH110V,GH111S,FH112S,AH114S,MH115F.pdb",0.46214,-0.44375,1.73188,2.07084,0.90878,0.94598
"1n8z_HL_A_TH59A,SH105A,RH106S,WH107S,DH110S,GH111S,FH112S,AH114Y,MH115Y,DH116N.pdb",-0.19883,0.43666,2.23621,1.82268,-0.38582,0.78218
"1n8z_HL_A_SH105A,WH107S,GH108R,DH110S,GH111S,FH112S,AH114M.pdb",0.52873,0.25692,1.44905,1.76348,2.89467,1.37857
"1n8z_HL_A_SH105A,WH107D,GH108R,DH110V,GH111S,FH112G,AH114Y,MH115L,DH116Y.pdb",-0.2826,-0.82803,0.58221,1.05418,0.48831,0.20281
"1n8z_HL_A_SH105A,WH107N,GH108Y,GH109Y,DH110G,GH111A,FH112A,AH114Y,MH115F.pdb",0.2859,-0.44134,0.61186,0.20667,-0.1788,0.09686
"1n8z_HL_A_TH59S,NH62S,SH105A,RH106S,WH107S,DH110R,GH111Y,FH112Y,AH114Y,MH115Y.pdb",-1.62676,-0.29559,-2.32482,-0.70915,-2.86897,-1.56506
"1n8z_HL_A_SH105A,WH107T,GH108D,GH109I,DH110I,GH111Y,FH112S,YH113G,AH114H,MH115F,DH116A.pdb",-0.51318,0.01178,-0.25393,0.64496,0.88167,0.15426
"1n8z_HL_A_SH105A,WH107S,DH110S,FH112Y,AH114S,MH115Y,DH116N.pdb",0.46395,-0.3009,1.63674,1.18676,1.13879,0.82507
"1n8z_HL_A_SH105A,WH107F,GH108M,DH110G,FH112Y,YH113T,AH114S,MH115S.pdb",1.19161,0.04163,1.82412,1.47379,1.32142,1.17051
"1n8z_HL_A_IH30F,TH59A,SH105A,RH106S,WH107D,DH110S,GH111Y,FH112S,MH115F.pdb",-0.04017,0.63713,0.53184,1.29449,0.60896,0.60645
"1n8z_HL_A_SH105A,WH107S,GH108S,DH110S,GH111S,FH112Y,AH114G,MH115F.pdb",0.53474,-0.2366,1.30695,2.05203,0.26159,0.78374
"1n8z_HL_A_TH59E,NH62D,YH64S,SH105A,WH107S,DH110S,GH111S,FH112T,MH115Y.pdb",0.34122,-0.40286,2.94191,1.96251,1.65839,1.30023
"1n8z_HL_A_SH105A,WH107S,DH110S,GH111S,AH114G.pdb",-0.02601,-0.87238,1.24303,0.17681,1.17685,0.33966
"1n8z_HL_A_SH105A,WH107G,GH108Y,GH109Y,GH111T,FH112S,YH113Q,AH114S,MH115H,DH116A.pdb",0.46414,-0.17833,1.72543,-0.25068,-0.7558,0.20095
"1n8z_HL_A_PH58S,TH59S,NH62D,SH105A,WH107S,DH110S,GH111S,FH112Y,AH114Y,MH115Y.pdb",-0.16267,-1.33989,1.25668,0.2083,-2.49275,-0.50606
"1n8z_HL_A_SH105A,WH107Y,GH108S,DH110S,FH112G,YH113N,MH115F,DH116A.pdb",1.49059,0.24374,2.43418,2.79849,1.68252,1.72991
"1n8z_HL_A_SH105A,WH107T,DH110S,GH111S,FH112Y,MH115Y.pdb",0.52015,-0.02625,1.28824,1.37043,0.89537,0.80959
"1n8z_HL_A_TH59S,SH105A,WH107Y,GH108R,DH110S,GH111S,FH112S,AH114Y,MH115F.pdb",-1.17606,-2.10636,0.16453,-0.13939,-1.9935,-1.05016
"1n8z_HL_A_SH105A,WH107H,GH108Y,GH109Y,DH110G,GH111W,FH112S,YH113S,AH114G,MH115Y.pdb",-0.33581,-0.34963,-0.05311,0.83989,-0.62187,-0.10411
"1n8z_HL_A_SH105A,WH107S,GH108A,DH110I,FH112Y.pdb",1.07097,-0.5895,0.51245,0.61983,0.55209,0.43317
"1n8z_HL_A_WH107Y,GH109Y,DH110S,FH112Y,YH113G,MH115F.pdb",1.11202,0.03938,0.81124,0.3375,0.49081,0.55819
"1n8z_HL_A_SH105A,WH107S,DH110S,GH111Y,FH112S,AH114S,MH115F,YH117V.pdb",-0.7125,0.60435,-0.16437,1.11902,0.6874,0.30678
"1n8z_HL_A_SH105A,WH107S,DH110S,GH111S,FH112Y,AH114Y,MH115Y.pdb",-0.18577,-1.91086,0.76754,-0.50604,-2.25249,-0.81753
"1n8z_HL_A_KH35S,TH37Y,TH59S,NH62S,SH105A,WH107D,DH110V,FH112S,AH114S,YH117V.pdb",-1.1474,-0.66611,1.55949,1.46229,2.72071,0.7858
"1n8z_HL_A_SH105A,WH107S,DH110R,GH111Y,FH112T,AH114G,MH115F.pdb",-2.24335,-0.52355,-0.53333,-0.89373,0.10526,-0.81774
"1n8z_HL_A_SH105A,RH106S,WH107S,DH110S,GH111S,FH112S,AH114S,MH115Y,DH116S.pdb",0.50444,-0.17789,2.37622,2.40325,0.44895,1.111
"1n8z_HL_A_TH59A,NH62D,SH105A,RH106S,WH107S,DH110S,GH111S,FH112Y,AH114Y,MH115Y.pdb",-0.30462,-0.49091,0.65864,1.09868,-2.34574,-0.27679
"1n8z_HL_A_IH30V,TH59S,NH62D,SH105A,RH106S,WH107S,DH110S,GH111S,FH112Y,AH114Y,MH115Y.pdb",-0.38894,-1.46494,1.30818,-0.08065,-2.41201,-0.60767
"1n8z_HL_A_SH105A,RH106S,WH107S,DH110S,GH111S,FH112S,AH114S,MH115Y,DH116Y.pdb",0.18961,-0.53945,2.03653,1.89301,-0.3687,0.6422
"1n8z_HL_A_SH105A,WH107S,DH110S,FH112Y,AH114Y,MH115Y.pdb",0.04216,-0.86927,0.90606,0.24552,-0.95237,-0.12558
"1n8z_HL_A_SH105A,WH107Y,GH108S,GH109S,DH110S,FH112G,YH113S,MH115F.pdb",1.14712,0.14386,2.18722,2.40308,1.04247,1.38475
"1n8z_HL_A_SH105A,WH107V,DH110R,FH112Y,MH115Y.pdb",0.22013,-0.45622,1.18102,0.8669,0.88437,0.53924
"1n8z_HL_A_SH105A,RH106V,WH107S,DH110S,GH111S,FH112S,AH114S,MH115Y,DH116Q.pdb",0.30167,-0.20832,2.28655,2.5199,0.77721,1.1354
"1n8z_HL_A_SH105A,WH107D,DH110S,FH112Y,MH115Y.pdb",0.49613,-0.23937,1.31071,1.43953,1.33715,0.86883
